O*NET-SOC Code,Title,pierre_alpha,pierre_beta,pierre_gamma,elondou_alpha_unweighted,elondou_beta_unweighted,elondou_gamma_unweighted,n_tasks,sum_pi
11-1011.00,Chief Executives,0.20640157177619783,0.5383477623933779,0.870293953010558,0.0967741935483871,0.45161290322580644,0.8064516129032258,31,0.9999999999999984
11-1011.03,Chief Sustainability Officers,0.14010811704557083,0.5074864195120672,0.8748647219785634,0.16666666666666666,0.5555555555555556,0.9444444444444444,18,0.9999999999999991
11-1021.00,General and Operations Managers,0.0,0.41151812875444826,0.8230362575088965,0.0,0.47058823529411764,0.9411764705882353,17,0.9999999999999989
11-2021.00,Marketing Managers,0.024971707016665127,0.4885408450174924,0.9521099830183197,0.05,0.5,0.95,20,0.9999999999999989
11-2022.00,Sales Managers,0.0,0.441136908174041,0.882273816348082,0.0,0.4411764705882353,0.8823529411764706,17,0.9999999999999993
11-2033.00,Fundraising Managers,0.13034033724127708,0.5651701686206385,1.0,0.125,0.5625,1.0,16,0.9999999999999993
11-3013.00,Facilities Managers,0.0,0.299720044842969,0.599440089685938,0.0,0.3181818181818182,0.6363636363636364,11,0.9999999999999994
11-3013.01,Security Managers,0.03411911777809403,0.45775601081589523,0.8813929038536965,0.07142857142857142,0.48214285714285715,0.8928571428571429,28,0.9999999999999989
11-3021.00,Computer and Information Systems Managers,0.10592902070044027,0.5333193452989892,0.960709669897538,0.11764705882352941,0.5294117647058824,0.9411764705882353,17,0.9999999999999992
11-3031.01,Treasurers and Controllers,0.0,0.47554717624221066,0.9510943524844213,0.0,0.4772727272727273,0.9545454545454546,22,0.9999999999999989
11-3031.03,Investment Fund Managers,0.0,0.5,1.0,0.0,0.5,1.0,20,0.9999999999999991
11-3051.01,Quality Control Systems Managers,0.05247282777325018,0.4562032522179951,0.8599336766627401,0.07407407407407407,0.5,0.9259259259259259,27,0.9999999999999986
11-3051.02,Geothermal Production Managers,0.269232689207663,0.46740884156360607,0.6655849939195491,0.17647058823529413,0.47058823529411764,0.7647058823529411,17,0.9999999999999992
11-3051.03,Biofuels Production Managers,0.0,0.23142090429077009,0.46284180858154017,0.0,0.2857142857142857,0.5714285714285714,14,0.9999999999999991
11-3051.04,Biomass Power Plant Managers,0.04686840093624795,0.28748255113772175,0.5280967013391956,0.05263157894736842,0.3157894736842105,0.5789473684210527,19,0.999999999999999
11-3061.00,Purchasing Managers,0.31427139585698577,0.6412984923047289,0.9683255887524722,0.2222222222222222,0.5833333333333334,0.9444444444444444,18,0.9999999999999991
11-3071.04,Supply Chain Managers,0.0,0.4735876319121692,0.9471752638243384,0.0,0.48333333333333334,0.9666666666666667,30,0.9999999999999987
11-3121.00,Human Resources Managers,0.0034848411756203033,0.500546238343029,0.9976076355104375,0.038461538461538464,0.4807692307692308,0.9230769230769231,26,0.999999999999999
11-3131.00,Training and Development Managers,0.05866153502667784,0.5078715453896783,0.9570815557526788,0.08333333333333333,0.5,0.9166666666666666,12,0.9999999999999993
11-9021.00,Construction Managers,0.022881103519337923,0.3487931003033105,0.6747050970872831,0.04,0.44,0.84,25,0.9999999999999989
11-9031.00,"Education and Childcare Administrators, Preschool and Daycare",0.01702123968834921,0.3580820583000834,0.6991428769118175,0.058823529411764705,0.47058823529411764,0.8823529411764706,17,0.9999999999999993
11-9032.00,"Education Administrators, Kindergarten through Secondary",0.006927155303734611,0.3357392281388978,0.6645513009740609,0.03125,0.421875,0.8125,32,0.9999999999999983
11-9051.00,Food Service Managers,0.04679896752769024,0.2780800886360926,0.509361209744495,0.07142857142857142,0.42857142857142855,0.7857142857142857,28,0.9999999999999989
11-9071.00,Gambling Managers,0.4596000331253237,0.6341349642577534,0.808669895390183,0.3157894736842105,0.5526315789473685,0.7894736842105263,19,0.999999999999999
11-9072.00,"Entertainment and Recreation Managers, Except Gambling",0.27453585722544516,0.42885456909491215,0.583173280964379,0.17647058823529413,0.35294117647058826,0.5294117647058824,17,0.999999999999999
11-9081.00,Lodging Managers,0.05026467280272887,0.4598597429015178,0.8694548130003067,0.041666666666666664,0.4583333333333333,0.875,24,0.9999999999999987
11-9111.00,Medical and Health Services Managers,0.0,0.36878174586546064,0.7375634917309213,0.0,0.4166666666666667,0.8333333333333334,18,0.9999999999999992
11-9121.00,Natural Sciences Managers,0.07838261865771795,0.539191309328859,1.0,0.125,0.5625,1.0,16,0.9999999999999992
11-9121.01,Clinical Research Coordinators,0.09926847583527994,0.4914187737310108,0.8835690716267416,0.15151515151515152,0.5303030303030303,0.9090909090909091,33,0.9999999999999986
11-9121.02,Water Resource Specialists,0.013975594440714213,0.44251409446439166,0.871052594488069,0.047619047619047616,0.5,0.9523809523809523,21,0.9999999999999991
11-9131.00,Postmasters and Mail Superintendents,0.10880635878789699,0.5424680716222934,0.9761297844566899,0.15384615384615385,0.5,0.8461538461538461,13,0.9999999999999992
11-9141.00,"Property, Real Estate, and Community Association Managers",0.0,0.3962281612286415,0.792456322457283,0.0,0.42592592592592593,0.8518518518518519,27,0.9999999999999987
11-9151.00,Social and Community Service Managers,0.03201193932499473,0.40793348686288716,0.7838550344007795,0.0625,0.40625,0.75,16,0.9999999999999991
11-9161.00,Emergency Management Directors,0.0,0.3097897294471702,0.6195794588943404,0.0,0.41304347826086957,0.8260869565217391,23,0.999999999999999
11-9171.00,Funeral Home Managers,0.16144511513585935,0.3502532545912904,0.5390613940467216,0.13636363636363635,0.4318181818181818,0.7272727272727273,22,0.9253823832243115
11-9179.01,Fitness and Wellness Coordinators,0.05340465303470237,0.33951561272295155,0.6256265724112008,0.08333333333333333,0.375,0.6666666666666666,24,0.9999999999999987
11-9179.02,Spa Managers,0.26806052309213074,0.5809513016639689,0.8938420802358071,0.23809523809523808,0.5238095238095238,0.8095238095238095,21,0.999999999999999
11-9199.01,Regulatory Affairs Managers,0.008246258079318112,0.5041231290396592,1.0,0.1111111111111111,0.5555555555555556,1.0,27,0.9999999999999986
11-9199.08,Loss Prevention Managers,0.09083118325028242,0.4610942758757791,0.831357368501276,0.07407407407407407,0.4444444444444444,0.8148148148148148,27,0.9999999999999988
11-9199.09,Wind Energy Operations Managers,0.10267210101834157,0.39783608518402663,0.6930000693497116,0.0625,0.4375,0.8125,16,0.9999999999999993
11-9199.10,Wind Energy Development Managers,0.10294335555906307,0.5514716777795315,1.0,0.06666666666666667,0.5333333333333333,1.0,15,0.9999999999999993
11-9199.11,Brownfield Redevelopment Specialists and Site Managers,0.010991988538259214,0.38284160737887896,0.7546912262194987,0.043478260869565216,0.45652173913043476,0.8695652173913043,23,0.9999999999999988
13-1011.00,"Agents and Business Managers of Artists, Performers, and Athletes",0.21438212896899236,0.5803781479694237,0.9463741669698547,0.14285714285714285,0.5357142857142857,0.9285714285714286,14,0.9999999999999992
13-1021.00,"Buyers and Purchasing Agents, Farm Products",0.015069607887256206,0.507534803943628,1.0,0.08333333333333333,0.5416666666666666,1.0,12,0.9999999999999996
13-1022.00,"Wholesale and Retail Buyers, Except Farm Products",0.02506142375658572,0.49858305346419407,0.9721046831718025,0.05,0.475,0.9,20,0.9999999999999991
13-1023.00,"Purchasing Agents, Except Wholesale, Retail, and Farm Products",0.01586653274913192,0.48774752091711615,0.9596285090851004,0.05263157894736842,0.47368421052631576,0.8947368421052632,19,0.999999999999999
13-1032.00,"Insurance Appraisers, Auto Damage",0.0,0.5,1.0,0.0,0.5,1.0,7,0.9999999999999997
13-1041.01,Environmental Compliance Inspectors,0.23312843722348642,0.4693780098049404,0.7056275823863943,0.19230769230769232,0.46153846153846156,0.7307692307692307,26,0.9999999999999986
13-1041.06,Coroners,0.27564626763715444,0.42485054702012864,0.5740548264031029,0.15,0.35,0.55,20,0.9999999999999992
13-1041.08,Customs Brokers,0.3093550619495611,0.6546775309747805,1.0,0.2608695652173913,0.6304347826086957,1.0,23,0.9999999999999987
13-1051.00,Cost Estimators,0.0,0.5,1.0,0.0,0.5,1.0,14,0.9999999999999997
13-1071.00,Human Resources Specialists,0.2220538810390264,0.6073024331593652,0.9925509852797041,0.3076923076923077,0.6346153846153846,0.9615384615384616,26,0.9999999999999987
13-1075.00,Labor Relations Specialists,0.20921531419652703,0.5681209971135214,0.9270266800305159,0.17857142857142858,0.5535714285714286,0.9285714285714286,28,0.9999999999999986
13-1081.00,Logisticians,0.04876844041402145,0.4838599658611889,0.9189514913083563,0.09090909090909091,0.5,0.9090909090909091,22,0.999999999999999
13-1081.01,Logistics Engineers,0.01689803451717032,0.5084490172585852,1.0,0.03333333333333333,0.5166666666666667,1.0,30,0.9999999999999987
13-1081.02,Logistics Analysts,0.1314598483994737,0.5657299241997369,1.0,0.12903225806451613,0.5645161290322581,1.0,31,0.9999999999999984
13-1111.00,Management Analysts,0.11213651472207295,0.4846684665170836,0.8572004183120943,0.09090909090909091,0.4090909090909091,0.7272727272727273,11,0.9999999999999994
13-1121.00,"Meeting, Convention, and Event Planners",0.08257790511780697,0.4243554299223405,0.7661329547268738,0.09523809523809523,0.47619047619047616,0.8571428571428571,21,0.9999999999999992
13-1131.00,Fundraisers,0.04786052976091757,0.4445214022928581,0.8411822748247987,0.14285714285714285,0.5,0.8571428571428571,28,0.9999999999999986
13-1151.00,Training and Development Specialists,0.05402429284534016,0.52701214642267,1.0,0.1,0.55,1.0,20,0.9999999999999989
13-1161.00,Market Research Analysts and Marketing Specialists,0.0,0.5,1.0,0.0,0.5,1.0,13,0.9999999999999993
13-1161.01,Search Marketing Strategists,0.21796400951130945,0.6089820047556548,1.0,0.1111111111111111,0.5555555555555556,1.0,36,0.9999999999999982
13-1199.04,Business Continuity Planners,0.004424081597880004,0.50221204079894,1.0,0.14285714285714285,0.5714285714285714,1.0,21,0.9999999999999991
13-1199.05,Sustainability Specialists,0.2010678333541222,0.600533916677061,1.0,0.21428571428571427,0.6071428571428571,1.0,14,0.9999999999999994
13-1199.06,Online Merchants,0.4434938371464096,0.6395140618996666,0.8355342866529235,0.38235294117647056,0.6470588235294118,0.9117647058823529,34,0.9999999999999987
13-1199.07,Security Management Specialists,0.36559994342760366,0.5841538360967786,0.8027077287659539,0.17391304347826086,0.5217391304347826,0.8695652173913043,23,0.9999999999999989
13-2022.00,Appraisers of Personal and Business Property,0.10031961829185017,0.550159809145925,1.0,0.14285714285714285,0.5714285714285714,1.0,14,0.9999999999999993
13-2031.00,Budget Analysts,0.062025097861104835,0.5131251906820924,0.96422528350308,0.07692307692307693,0.5,0.9230769230769231,13,0.9999999999999994
13-2041.00,Credit Analysts,0.04896899072431262,0.5244844953621564,1.0,0.09090909090909091,0.5454545454545454,1.0,11,0.9999999999999996
13-2052.00,Personal Financial Advisors,0.01864989874112062,0.5009463948056954,0.98324289087027,0.047619047619047616,0.5,0.9523809523809523,21,0.9999999999999989
13-2053.00,Insurance Underwriters,0.15434080075988146,0.5771704003799407,1.0,0.14285714285714285,0.5714285714285714,1.0,7,0.9999999999999996
13-2061.00,Financial Examiners,0.008070100107800708,0.489280405269801,0.9704907104318012,0.058823529411764705,0.5,0.9411764705882353,17,0.9999999999999991
13-2071.00,Credit Counselors,0.23103526079672573,0.5473693014595592,0.8637033421223929,0.2608695652173913,0.6086956521739131,0.9565217391304348,23,0.999999999999999
13-2082.00,Tax Preparers,0.35695196230918863,0.6784759811545944,1.0,0.25,0.625,1.0,12,0.9999999999999996
13-2099.01,Financial Quantitative Analysts,0.1662568924121398,0.5831284462060697,1.0,0.3333333333333333,0.6666666666666666,1.0,21,0.9999999999999988
13-2099.04,"Fraud Examiners, Investigators and Analysts",0.05770019158300807,0.306356227691545,0.5550122638000817,0.08695652173913043,0.45652173913043476,0.8260869565217391,23,0.9999999999999988
15-1211.00,Computer Systems Analysts,0.5974317633174729,0.7108132004167185,0.8241946375159642,0.5909090909090909,0.75,0.9090909090909091,22,0.9999999999999991
15-1211.01,Health Informatics Specialists,0.0,0.36642571657929285,0.7328514331585857,0.0,0.47058823529411764,0.9411764705882353,17,0.9999999999999993
15-1221.00,Computer and Information Research Scientists,0.4206149078394598,0.6559829037818126,0.8913508997241654,0.3333333333333333,0.6,0.8666666666666667,15,0.9999999999999994
15-1231.00,Computer Network Support Specialists,0.5048125422896137,0.6915843799338918,0.8783562175781697,0.46153846153846156,0.6346153846153846,0.8076923076923077,26,0.9999999999999986
15-1232.00,Computer User Support Specialists,0.3028815143630609,0.471416433323602,0.6399513522841429,0.4375,0.59375,0.75,16,0.9999999999999992
15-1241.00,Computer Network Architects,0.3612949137043876,0.6367085842730417,0.9121222548416958,0.3939393939393939,0.6666666666666666,0.9393939393939394,33,0.9999999999999982
15-1241.01,Telecommunications Engineering Specialists,0.521014516483683,0.7081777111117902,0.8953409057398973,0.34615384615384615,0.6153846153846154,0.8846153846153846,26,0.9999999999999989
15-1242.00,Database Administrators,0.8221399589007282,0.911069979450364,1.0,0.8888888888888888,0.9444444444444444,1.0,18,0.9999999999999992
15-1243.00,Database Architects,0.5448553626990679,0.7724276813495339,1.0,0.72,0.86,1.0,25,0.9999999999999987
15-1243.01,Data Warehousing Specialists,0.9503413232022291,0.9751706616011145,1.0,0.8888888888888888,0.9444444444444444,1.0,18,0.9999999999999991
15-1244.00,Network and Computer Systems Administrators,0.6363331902585354,0.787928329206671,0.9395234681548066,0.5,0.7,0.9,20,0.9999999999999989
15-1251.00,Computer Programmers,0.9439156644996834,0.9719578322498417,1.0,0.8823529411764706,0.9411764705882353,1.0,17,0.999999999999999
15-1255.01,Video Game Designers,0.3212840161475272,0.6606420080737636,1.0,0.3333333333333333,0.6666666666666666,1.0,24,0.9999999999999992
15-1299.01,Web Administrators,0.8548348585201255,0.9274174292600628,1.0,0.8285714285714286,0.9142857142857143,1.0,35,0.9999999999999982
15-1299.03,Document Management Specialists,0.2392917226158443,0.6196458613079221,1.0,0.21739130434782608,0.6086956521739131,1.0,23,0.9999999999999992
15-1299.05,Information Security Engineers,0.3304191506156377,0.6652095753078188,1.0,0.35,0.675,1.0,20,0.9999999999999991
15-1299.08,Computer Systems Engineers/Architects,0.5871646438805278,0.7935823219402638,1.0,0.5357142857142857,0.7678571428571429,1.0,28,0.9999999999999986
15-1299.09,Information Technology Project Managers,0.125945087615321,0.5629725438076605,1.0,0.14285714285714285,0.5714285714285714,1.0,21,0.9999999999999992
15-2011.00,Actuaries,0.0,0.5,1.0,0.0,0.5,1.0,15,0.9999999999999993
15-2021.00,Mathematicians,1.0,1.0,1.0,1.0,1.0,1.0,11,0.9784054157421194
15-2031.00,Operations Research Analysts,0.11602527572076096,0.5580126378603805,1.0,0.25,0.625,1.0,16,0.9827390439339614
15-2041.00,Statisticians,0.662247303940188,0.8311236519700941,1.0,0.5789473684210527,0.7894736842105263,1.0,19,0.9999999999999992
15-2041.01,Biostatisticians,0.2728693531750263,0.6364346765875132,1.0,0.32,0.66,1.0,25,0.9999999999999988
15-2051.01,Business Intelligence Analysts,0.2412225697691233,0.6206112848845615,1.0,0.4117647058823529,0.7058823529411765,1.0,17,0.9999999999999992
15-2051.02,Clinical Data Managers,0.38232200194816973,0.691161000974085,1.0,0.2857142857142857,0.6428571428571429,1.0,21,0.9999999999999992
15-2099.01,Bioinformatics Technicians,0.8722476247527807,0.9292722880371049,0.9862969513214292,0.7894736842105263,0.868421052631579,0.9473684210526315,19,0.9999999999999992
17-1011.00,"Architects, Except Landscape and Naval",0.2623903036771607,0.622847764682363,0.9833052256875654,0.08333333333333333,0.5,0.9166666666666666,24,0.9999999999999991
17-1012.00,Landscape Architects,0.0,0.41248949579748223,0.8249789915949645,0.0,0.42105263157894735,0.8421052631578947,19,0.9999999999999992
17-1021.00,Cartographers and Photogrammetrists,0.021467267264441814,0.5107336336322209,1.0,0.07142857142857142,0.5357142857142857,1.0,14,0.9999999999999993
17-1022.00,Surveyors,0.2108196156691418,0.5551942932748315,0.8995689708805211,0.125,0.5,0.875,24,0.999999999999999
17-1022.01,Geodetic Surveyors,0.19018238453228942,0.5565893383495528,0.9229962921668162,0.1875,0.53125,0.875,16,0.9999999999999993
17-2021.00,Agricultural Engineers,0.047568031471370016,0.4780953848839863,0.9086227382966026,0.07142857142857142,0.42857142857142855,0.7857142857142857,14,0.9999999999999997
17-2031.00,Bioengineers and Biomedical Engineers,0.10870153368021604,0.5464468041199945,0.9841920745597728,0.23333333333333334,0.6,0.9666666666666667,30,0.9999999999999987
17-2041.00,Chemical Engineers,0.08825091106584472,0.39639566219519545,0.7045404133245462,0.07692307692307693,0.46153846153846156,0.8461538461538461,13,0.9971583078670031
17-2051.01,Transportation Engineers,0.12047818667295834,0.526588805086599,0.9326994235002396,0.038461538461538464,0.5,0.9615384615384616,26,0.9999999999999989
17-2051.02,Water/Wastewater Engineers,0.051851279842608566,0.4995177046767306,0.9471841295108526,0.07142857142857142,0.5,0.9285714285714286,28,0.9999999999999987
17-2061.00,Computer Hardware Engineers,0.30128389771499037,0.5762255172074014,0.8511671366998125,0.5,0.6944444444444444,0.8888888888888888,18,0.9999999999999991
17-2072.01,Radio Frequency Identification Device Specialists,0.535817688777554,0.735500932248803,0.9351841757200514,0.42857142857142855,0.6666666666666666,0.9047619047619048,21,0.999999999999999
17-2081.00,Environmental Engineers,0.17469908341405677,0.5050158203157595,0.8353325572174622,0.14285714285714285,0.5535714285714286,0.9642857142857143,28,0.9998465006840201
17-2111.02,Fire-Prevention and Protection Engineers,0.03225814238461408,0.5161290711923071,1.0,0.07692307692307693,0.5384615384615384,1.0,13,0.9240213168960845
17-2112.00,Industrial Engineers,0.03269737864290173,0.5163486893214508,1.0,0.05,0.525,1.0,20,0.9999999999999992
17-2112.01,Human Factors Engineers and Ergonomists,0.12379538899915722,0.5147097627429789,0.9056241364868004,0.15384615384615385,0.5192307692307693,0.8846153846153846,26,0.999999999999999
17-2112.03,Manufacturing Engineers,0.005964758612536507,0.43153363454579163,0.8571025104790467,0.041666666666666664,0.4791666666666667,0.9166666666666666,24,0.9999999999999988
17-2121.00,Marine Engineers and Naval Architects,0.10234904151190903,0.3712309062198189,0.6401127709277289,0.1,0.4166666666666667,0.7333333333333333,30,0.9999999999999987
17-2131.00,Materials Engineers,0.11990099809095424,0.3789637145329716,0.6380264309749889,0.14285714285714285,0.47619047619047616,0.8095238095238095,21,0.9999999999999989
17-2141.00,Mechanical Engineers,0.014371763497941815,0.43649922707140854,0.8586266906448753,0.03571428571428571,0.44642857142857145,0.8571428571428571,28,0.9999999999999989
17-2141.01,Fuel Cell Engineers,0.2956819272936916,0.533853254950335,0.7720245826069784,0.23076923076923078,0.4807692307692308,0.7307692307692307,26,0.9999999999999987
17-2141.02,Automotive Engineers,0.38396885880820647,0.6856410553563866,0.9873132519045669,0.36,0.66,0.96,25,0.9999999999999987
17-2151.00,"Mining and Geological Engineers, Including Mining Safety Engineers",0.08401791697852963,0.5191643328554301,0.9543107487323305,0.1111111111111111,0.4722222222222222,0.8333333333333334,18,0.9999999999999994
17-2161.00,Nuclear Engineers,0.25811585578638735,0.5204792267405188,0.7828425976946503,0.25,0.55,0.85,20,0.999999999999999
17-2171.00,Petroleum Engineers,0.5843347581449544,0.7658028005541269,0.9472708429632991,0.17391304347826086,0.5,0.8260869565217391,23,0.9999999999999986
17-2199.03,"Energy Engineers, Except Wind and Solar",0.19716107986980747,0.5985805399349038,1.0,0.09523809523809523,0.5476190476190477,1.0,21,0.9999999999999991
17-2199.05,Mechatronics Engineers,0.2061186863914509,0.591138935951971,0.9761591855124911,0.21739130434782608,0.5434782608695652,0.8695652173913043,23,0.9999999999999989
17-2199.07,Photonics Engineers,0.28549475957984954,0.5402945563442587,0.7950943531086679,0.23076923076923078,0.5,0.7692307692307693,26,0.9999999999999989
17-2199.08,Robotics Engineers,0.34207452399156335,0.6049247735757562,0.8677750231599493,0.375,0.5833333333333334,0.7916666666666666,24,0.9999999999999988
17-2199.09,Nanosystems Engineers,0.2754958354345691,0.6139846025518083,0.9524733696690477,0.28,0.6,0.92,25,0.9999999999999989
17-2199.10,Wind Energy Engineers,0.27706238390047583,0.5172570540750943,0.7574517242497127,0.125,0.46875,0.8125,16,0.9999999999999991
17-2199.11,Solar Energy Systems Engineers,0.059220014061178335,0.4549928898115935,0.8507657655620087,0.07692307692307693,0.46153846153846156,0.8461538461538461,13,0.9999999999999994
17-3013.00,Mechanical Drafters,0.04630966712245444,0.5137420126787045,0.9811743582349546,0.06666666666666667,0.5,0.9333333333333333,15,0.9999999999999991
17-3025.00,Environmental Engineering Technologists and Technicians,0.04306298708911385,0.46459569848726456,0.8861284098854153,0.07692307692307693,0.40384615384615385,0.7307692307692307,26,0.9999999999999987
17-3026.01,Nanotechnology Engineering Technologists and Technicians,0.18018765530103714,0.34310309839316816,0.5060185414852991,0.24,0.4,0.56,25,0.9999999999999988
17-3027.01,Automotive Engineering Technicians,0.07423501357467568,0.2586692641183494,0.44310351466202313,0.05555555555555555,0.2777777777777778,0.5,18,0.9999999999999989
17-3029.01,Non-Destructive Testing Specialists,0.0,0.2785153250253354,0.5570306500506708,0.0,0.28125,0.5625,16,0.9999999999999992
19-1011.00,Animal Scientists,0.023633596427188906,0.3739793745232122,0.7243251526192355,0.1111111111111111,0.5,0.8888888888888888,9,0.9999999999999998
19-1012.00,Food Scientists and Technologists,0.0,0.33964930184923803,0.6792986036984761,0.0,0.34615384615384615,0.6923076923076923,13,0.9999999999999993
19-1013.00,Soil and Plant Scientists,0.0,0.45910681344695825,0.9182136268939165,0.0,0.48148148148148145,0.9629629629629629,27,0.9999999999999987
19-1021.00,Biochemists and Biophysicists,0.026442326000701726,0.3425535804938443,0.658664834986987,0.125,0.4375,0.75,24,0.999999999999999
19-1022.00,Microbiologists,0.03448070668304542,0.3999304625733258,0.7653802184636062,0.07142857142857142,0.39285714285714285,0.7142857142857143,14,0.9999999999999993
19-1029.01,Bioinformatics Scientists,0.3134138602494983,0.6567069301247492,1.0,0.45,0.725,1.0,20,0.9999999999999993
19-1029.02,Molecular and Cellular Biologists,0.13148717646589245,0.48093412084804477,0.830381065230197,0.18181818181818182,0.5,0.8181818181818182,22,0.9999999999999989
19-1029.03,Geneticists,0.15562616676726226,0.5077517178464802,0.8598772689256982,0.20833333333333334,0.5208333333333334,0.8333333333333334,24,0.999999999999999
19-1029.04,Biologists,0.07758923444403311,0.48348325014995996,0.8893772658558867,0.18181818181818182,0.5,0.8181818181818182,22,0.9999999999999987
19-1031.00,Conservation Scientists,0.0,0.4577735444823513,0.9155470889647026,0.0,0.43333333333333335,0.8666666666666667,30,0.9999999999999986
19-1031.03,Park Naturalists,0.33108048700989035,0.5978229652642251,0.8645654435185598,0.16666666666666666,0.5,0.8333333333333334,18,0.9601035075717209
19-1032.00,Foresters,0.0,0.3269406921395453,0.6538813842790906,0.0,0.38,0.76,25,0.9999999999999989
19-1042.00,"Medical Scientists, Except Epidemiologists",0.23916109502104027,0.5641151639763327,0.8890692329316251,0.14285714285714285,0.5,0.8571428571428571,14,0.9999999999999993
19-2011.00,Astronomers,0.0009893574472252006,0.43297138983828615,0.864953422229347,0.058823529411764705,0.4411764705882353,0.8235294117647058,17,0.9999999999999993
19-2021.00,Atmospheric and Space Scientists,0.11550859747168242,0.5014447799118211,0.8873809623519597,0.14814814814814814,0.5370370370370371,0.9259259259259259,27,0.999999999999999
19-2032.00,Materials Scientists,0.013903971423944813,0.35331890959368906,0.6927338477634333,0.125,0.46875,0.8125,16,0.9999999999999991
19-2041.00,"Environmental Scientists and Specialists, Including Health",0.12509185938598594,0.5583403554456553,0.9915888515053246,0.045454545454545456,0.5,0.9545454545454546,22,0.9999999999999989
19-2041.01,Climate Change Policy Analysts,0.007122378642922605,0.5035611893214614,1.0,0.07142857142857142,0.5357142857142857,1.0,14,0.9999999999999992
19-2041.02,Environmental Restoration Planners,0.18577701798755866,0.5708345920886015,0.9558921661896443,0.08695652173913043,0.5217391304347826,0.9565217391304348,23,0.9999999999999987
19-2041.03,Industrial Ecologists,0.02422140854909575,0.5121107042745479,1.0,0.05263157894736842,0.5263157894736842,1.0,38,0.9999999999999979
19-2042.00,"Geoscientists, Except Hydrologists and Geographers",0.05294730698006357,0.46048548612400075,0.868023665267938,0.09375,0.46875,0.84375,32,0.9999999999999987
19-2043.00,Hydrologists,0.04496029132461885,0.4304208777995321,0.8158814642744453,0.12,0.5,0.88,25,0.9999999999999989
19-2099.01,Remote Sensing Scientists and Technologists,0.0,0.46855756152134903,0.9371151230426981,0.0,0.4583333333333333,0.9166666666666666,24,0.9999999999999987
19-3011.00,Economists,0.0,0.5,1.0,0.0,0.5,1.0,13,0.9472068438053508
19-3011.01,Environmental Economists,0.048163394178668155,0.524081697089334,1.0,0.2,0.6,1.0,20,0.9999999999999989
19-3022.00,Survey Researchers,0.3340567339014384,0.6670283669507191,1.0,0.25,0.625,1.0,16,0.9999999999999993
19-3032.00,Industrial-Organizational Psychologists,0.012483561369083018,0.4615593218860209,0.9106350824029588,0.08,0.48,0.88,25,0.9999999999999984
19-3033.00,Clinical and Counseling Psychologists,0.11970076595995034,0.3717308929011372,0.623761019842324,0.1,0.38333333333333336,0.6666666666666666,30,0.9999999999999988
19-3034.00,School Psychologists,0.0,0.4375108075189562,0.8750216150379124,0.0,0.39473684210526316,0.7894736842105263,19,0.9999999999999992
19-3039.02,Neuropsychologists,0.11501759715626599,0.4749162528120706,0.8348149084678752,0.07142857142857142,0.4642857142857143,0.8571428571428571,14,0.9999999999999993
19-3039.03,Clinical Neuropsychologists,0.05172745881041933,0.40299988355207805,0.7542723082937368,0.05555555555555555,0.4444444444444444,0.8333333333333334,18,0.9999999999999993
19-3041.00,Sociologists,0.06810615862833627,0.5082826926850181,0.9484592267416998,0.15384615384615385,0.5384615384615384,0.9230769230769231,13,0.9859144952951842
19-3091.00,Anthropologists and Archeologists,0.001153705303406102,0.3918554588293407,0.7825572123552753,0.06666666666666667,0.45,0.8333333333333334,30,0.9999999999999982
19-3092.00,Geographers,0.2030698312450503,0.5130493840063189,0.8230289367675877,0.16666666666666666,0.5,0.8333333333333334,12,0.9999999999999996
19-3093.00,Historians,0.18872100646693976,0.5024584781811882,0.8161959498954366,0.14285714285714285,0.5,0.8571428571428571,21,0.9999999999999991
19-3094.00,Political Scientists,0.3726390543622835,0.681752061320394,0.9908650682785046,0.07142857142857142,0.5,0.9285714285714286,14,0.9999999999999993
19-3099.01,Transportation Planners,0.11018059223448402,0.5221298087701497,0.9340790253058154,0.09090909090909091,0.5227272727272727,0.9545454545454546,22,0.9999999999999989
19-4012.01,Precision Agriculture Technicians,0.09962116890093999,0.46236483452438265,0.8251085001478254,0.09090909090909091,0.5,0.9090909090909091,22,0.9999999999999991
19-4013.00,Food Science Technicians,0.29742360173813603,0.35947730761624486,0.4215310134943536,0.25,0.34375,0.4375,16,0.999999999999999
19-4031.00,Chemical Technicians,0.07889122461452566,0.41945921985057744,0.7600272150866291,0.125,0.375,0.625,16,0.9999999999999992
19-4099.01,Quality Control Analysts,0.14296287126832832,0.4880096384326227,0.833056405596917,0.23076923076923078,0.5384615384615384,0.8461538461538461,26,0.999999999999999
19-5011.00,Occupational Health and Safety Specialists,0.0025847904441660425,0.3102392452879837,0.6178937001318013,0.047619047619047616,0.3333333333333333,0.6190476190476191,21,0.9961475122071046
19-5012.00,Occupational Health and Safety Technicians,0.0831426889124282,0.3932920803705,0.7034414718285719,0.11538461538461539,0.40384615384615385,0.6923076923076923,26,0.9999999999999988
21-1011.00,Substance Abuse and Behavioral Disorder Counselors,0.15309259880948675,0.24320244229796395,0.3333122857864411,0.08695652173913043,0.1956521739130435,0.30434782608695654,23,0.9999999999999989
21-1014.00,Mental Health Counselors,0.12924809290931136,0.2925374453379321,0.4558267977665528,0.07407407407407407,0.25925925925925924,0.4444444444444444,27,0.9999999999999989
21-1015.00,Rehabilitation Counselors,0.18268224373270575,0.4080214052346688,0.6333605667366318,0.058823529411764705,0.35294117647058826,0.6470588235294118,17,0.9999999999999992
21-1022.00,Healthcare Social Workers,0.1344205112796595,0.3857979494837625,0.6371753876878655,0.058823529411764705,0.35294117647058826,0.6470588235294118,17,0.9999999999999992
21-1023.00,Mental Health and Substance Abuse Social Workers,0.0,0.23838664324071515,0.4767732864814303,0.0,0.2692307692307692,0.5384615384615384,13,0.9999999999999994
21-1091.00,Health Education Specialists,0.4795096495149008,0.6240346088390973,0.7685595681632938,0.25,0.53125,0.8125,16,0.9999999999999993
21-1092.00,Probation Officers and Correctional Treatment Specialists,0.1657463024312576,0.3964288000524309,0.6271112976736042,0.14285714285714285,0.40476190476190477,0.6666666666666666,21,0.9999999999999989
21-2011.00,Clergy,0.27560891899010553,0.4018784162985307,0.5281479136069559,0.19047619047619047,0.3333333333333333,0.47619047619047616,21,0.9999999999999988
21-2021.00,"Directors, Religious Activities and Education",0.06471901377160835,0.24719493843460838,0.4296708630976084,0.15789473684210525,0.42105263157894735,0.6842105263157895,19,0.9999999999999992
23-1021.00,"Administrative Law Judges, Adjudicators, and Hearing Officers",0.1605330845922784,0.5254925118338934,0.8904519390755083,0.14285714285714285,0.5,0.8571428571428571,14,0.9999999999999992
23-1022.00,"Arbitrators, Mediators, and Conciliators",0.046571749926066636,0.4316086283617598,0.8166455067974528,0.1,0.5,0.9,20,0.9999999999999991
23-1023.00,"Judges, Magistrate Judges, and Magistrates",0.0,0.43172186999134327,0.8634437399826865,0.0,0.40476190476190477,0.8095238095238095,21,0.999999999999999
25-1011.00,"Business Teachers, Postsecondary",0.12389786165510258,0.49241723469016546,0.8609366077252283,0.16,0.48,0.8,25,0.9999999999999987
25-1021.00,"Computer Science Teachers, Postsecondary",0.22681327972241327,0.5056941748070031,0.7845750698915928,0.15384615384615385,0.5,0.8461538461538461,26,0.9999999999999988
25-1031.00,"Architecture Teachers, Postsecondary",0.31625567959636625,0.5622233304552944,0.8081909813142225,0.18181818181818182,0.4772727272727273,0.7727272727272727,22,0.9999999999999991
25-1032.00,"Engineering Teachers, Postsecondary",0.1528334275665281,0.5015117796201986,0.850190131673869,0.16666666666666666,0.5,0.8333333333333334,24,0.9999999999999987
25-1041.00,"Agricultural Sciences Teachers, Postsecondary",0.2042544027234216,0.48507314318274136,0.765891883642061,0.21739130434782608,0.5,0.782608695652174,23,0.9999999999999987
25-1042.00,"Biological Science Teachers, Postsecondary",0.14455350877707324,0.5067138077060911,0.8688741066351091,0.14814814814814814,0.46296296296296297,0.7777777777777778,27,0.999999999999999
25-1043.00,"Forestry and Conservation Science Teachers, Postsecondary",0.18028937998086839,0.4648335564628755,0.7493777329448825,0.2,0.48,0.76,25,0.9999999999999989
25-1051.00,"Atmospheric, Earth, Marine, and Space Sciences Teachers, Postsecondary",0.11965704510004777,0.3662912912149436,0.6129255373298393,0.19230769230769232,0.4807692307692308,0.7692307692307693,26,0.9999999999999987
25-1052.00,"Chemistry Teachers, Postsecondary",0.10840371682150775,0.4177251461431829,0.7270465754648581,0.17857142857142858,0.42857142857142855,0.6785714285714286,28,0.9999999999999984
25-1053.00,"Environmental Science Teachers, Postsecondary",0.18891167247744245,0.47901157462171773,0.7691114767659932,0.24,0.5,0.76,25,0.9999999999999989
25-1054.00,"Physics Teachers, Postsecondary",0.09598856394457339,0.45414676963041417,0.8123049753162549,0.125,0.4166666666666667,0.7083333333333334,24,0.9999999999999991
25-1061.00,"Anthropology and Archeology Teachers, Postsecondary",0.14563320157975568,0.3927907516605994,0.639948301741443,0.2692307692307692,0.5,0.7307692307692307,26,0.9268428430264195
25-1062.00,"Area, Ethnic, and Cultural Studies Teachers, Postsecondary",0.1394447523506444,0.44647533094950825,0.7535059095483722,0.21739130434782608,0.5,0.782608695652174,23,0.9999999999999991
25-1063.00,"Economics Teachers, Postsecondary",0.0893934463158499,0.40973559637658885,0.7300777464373277,0.13636363636363635,0.45454545454545453,0.7727272727272727,22,0.9999999999999989
25-1064.00,"Geography Teachers, Postsecondary",0.17500197713630233,0.4590131701235156,0.7430243631107287,0.2,0.48,0.76,25,0.9999999999999988
25-1065.00,"Political Science Teachers, Postsecondary",0.07754421159425857,0.4512848523469046,0.8250254930995506,0.18181818181818182,0.4772727272727273,0.7727272727272727,22,0.9999999999999989
25-1066.00,"Psychology Teachers, Postsecondary",0.14840559048139434,0.4640114912836663,0.7796173920859384,0.1724137931034483,0.46551724137931033,0.7586206896551724,29,0.9999999999999984
25-1067.00,"Sociology Teachers, Postsecondary",0.10879734833141581,0.29062886928852405,0.4724603902456322,0.125,0.4166666666666667,0.7083333333333334,24,0.9999999999999989
25-1072.00,"Nursing Instructors and Teachers, Postsecondary",0.09531958695423084,0.3507563392617958,0.6061930915693606,0.1724137931034483,0.41379310344827586,0.6551724137931034,29,0.9999999999999983
25-1081.00,"Education Teachers, Postsecondary",0.10761557063403482,0.4340270661717737,0.7604385617095126,0.16666666666666666,0.4791666666666667,0.7916666666666666,24,0.9999999999999989
25-1082.00,"Library Science Teachers, Postsecondary",0.10640864714627364,0.47012160115098084,0.833834555155688,0.2,0.5,0.8,25,0.9999999999999987
25-1111.00,"Criminal Justice and Law Enforcement Teachers, Postsecondary",0.3613222862175243,0.5533203801417299,0.7453184740659355,0.21739130434782608,0.5,0.782608695652174,23,0.9999999999999991
25-1112.00,"Law Teachers, Postsecondary",0.052540990479780655,0.4268673204589137,0.8011936504380466,0.13043478260869565,0.45652173913043476,0.782608695652174,23,0.9999999999999989
25-1113.00,"Social Work Teachers, Postsecondary",0.23672190412443994,0.5301589806957901,0.8235960572671402,0.16666666666666666,0.4375,0.7083333333333334,24,0.9999999999999988
25-1121.00,"Art, Drama, and Music Teachers, Postsecondary",0.281147068798282,0.49586620459213904,0.7105853403859959,0.14285714285714285,0.44642857142857145,0.75,28,0.9999999999999986
25-1123.00,"English Language and Literature Teachers, Postsecondary",0.15134930745247469,0.5015837057165947,0.8518181039807147,0.2727272727272727,0.5454545454545454,0.8181818181818182,33,0.999999999999998
25-1125.00,"History Teachers, Postsecondary",0.14108786594240558,0.37831009796257165,0.6155323299827375,0.2,0.48,0.76,25,0.9999999999999989
25-1192.00,"Family and Consumer Sciences Teachers, Postsecondary",0.3386334104642064,0.636065745359831,0.9334980802554557,0.21739130434782608,0.5434782608695652,0.8695652173913043,23,0.999999999999999
25-1194.00,"Career/Technical Education Teachers, Postsecondary",0.06008532796082576,0.4385155369760704,0.8169457459913148,0.15,0.5,0.85,20,0.999999999999999
25-2011.00,"Preschool Teachers, Except Special Education",0.03377528439993406,0.14048133371598232,0.24718738303203056,0.058823529411764705,0.22058823529411764,0.38235294117647056,34,0.9999999999999981
25-2012.00,"Kindergarten Teachers, Except Special Education",0.03224075564211036,0.17240338926687965,0.3125660228916489,0.05405405405405406,0.22972972972972974,0.40540540540540543,37,0.999999999999998
25-2021.00,"Elementary School Teachers, Except Special Education",0.027949426292160556,0.2762228865020324,0.5244963467119041,0.05263157894736842,0.3026315789473684,0.5526315789473685,38,0.999999999999998
25-2022.00,"Middle School Teachers, Except Special and Career/Technical Education",0.07109866747049272,0.3836034972645889,0.696108327058685,0.08571428571428572,0.35714285714285715,0.6285714285714286,35,0.9999999999999982
25-2023.00,"Career/Technical Education Teachers, Middle School",0.15075381023455572,0.27397072437827685,0.397187638521998,0.1935483870967742,0.3225806451612903,0.45161290322580644,31,0.9999999999999986
25-2031.00,"Secondary School Teachers, Except Special and Career/Technical Education",0.015234770625447624,0.3369342499516357,0.6586337292778238,0.03125,0.328125,0.625,32,0.9999999999999984
25-2032.00,"Career/Technical Education Teachers, Secondary School",0.13627184086004282,0.299547476668788,0.4628231124775332,0.15151515151515152,0.3333333333333333,0.5151515151515151,33,0.9999999999999984
25-2051.00,"Special Education Teachers, Preschool",0.06865247787261743,0.11800077042224727,0.16734906297187713,0.1111111111111111,0.19444444444444445,0.2777777777777778,36,0.9999999999999981
25-2056.00,"Special Education Teachers, Elementary School",0.08786494902112045,0.2650243014044458,0.4421836537877711,0.1,0.31666666666666665,0.5333333333333333,30,0.9999999999999983
25-2057.00,"Special Education Teachers, Middle School",0.05358563881177691,0.2834102160561627,0.5132347933005484,0.075,0.3,0.525,40,0.999999999999998
25-2058.00,"Special Education Teachers, Secondary School",0.11411983217787644,0.2867454143650202,0.45937099655216396,0.1,0.3,0.5,40,0.9999999999999978
25-2059.01,Adapted Physical Education Specialists,0.1398004176518798,0.2891061272390663,0.4384118368262527,0.3,0.475,0.65,20,0.9999999999999991
25-3021.00,Self-Enrichment Teachers,0.21887364349059862,0.3617709242470345,0.5046682050034703,0.16666666666666666,0.36666666666666664,0.5666666666666667,30,0.9999999999999984
25-3031.00,"Substitute Teachers, Short-Term",0.39952879002418507,0.4496024896794206,0.49967618933465624,0.2777777777777778,0.3611111111111111,0.4444444444444444,18,0.999999999999999
25-3041.00,Tutors,0.08354108799502138,0.4718206905769948,0.8601002931589682,0.15789473684210525,0.5263157894736842,0.8947368421052632,19,0.999999999999999
25-4011.00,Archivists,0.06686386767876965,0.5135587296930909,0.9602535917074122,0.07692307692307693,0.5,0.9230769230769231,13,0.9999999999999993
25-4012.00,Curators,0.11836008055970618,0.5200387744469478,0.9217174683341895,0.13333333333333333,0.5,0.8666666666666667,15,0.9999999999999994
25-9021.00,Farm and Home Management Educators,0.06690246689918344,0.41977360751416315,0.772644748129143,0.06666666666666667,0.36666666666666664,0.6666666666666666,15,0.9999999999999994
25-9043.00,"Teaching Assistants, Special Education",0.06186594549082429,0.17163573337114357,0.28140552125146284,0.16666666666666666,0.26666666666666666,0.36666666666666664,30,0.9999999999999986
25-9044.00,"Teaching Assistants, Postsecondary",0.13504951426235562,0.2559018693117231,0.3767542243610905,0.3,0.5,0.7,20,0.9999999999999991
27-1011.00,Art Directors,0.06996806589860775,0.4913211407754404,0.912674215652273,0.0625,0.5,0.9375,16,0.9999999999999992
27-1012.00,Craft Artists,0.0,0.26586321723871503,0.5317264344774301,0.0,0.26666666666666666,0.5333333333333333,15,0.9777719933721005
27-1021.00,Commercial and Industrial Designers,0.0,0.49583536889074337,0.9916707377814867,0.0,0.47058823529411764,0.9411764705882353,17,0.9999999999999993
27-1022.00,Fashion Designers,0.0,0.43818395767710894,0.8763679153542179,0.0,0.4,0.8,20,0.999999999999999
27-1024.00,Graphic Designers,0.0,0.5,1.0,0.0,0.5,1.0,16,0.8970172436635072
27-1025.00,Interior Designers,0.0,0.5,1.0,0.0,0.5,1.0,15,0.9817164000846287
27-1027.00,Set and Exhibit Designers,0.0,0.3106145698472781,0.6212291396945562,0.0,0.37037037037037035,0.7407407407407407,27,0.9999999999999984
27-2012.03,Media Programming Directors,0.1428045357608462,0.4146098902690086,0.686415244777171,0.13043478260869565,0.45652173913043476,0.782608695652174,23,0.9999999999999987
27-2012.04,Talent Directors,0.07575506007297314,0.40972066014348785,0.7436862602140025,0.06666666666666667,0.4666666666666667,0.8666666666666667,15,0.9999999999999994
27-2012.05,Media Technical Directors/Managers,0.0,0.4730360347070591,0.9460720694141183,0.0,0.43333333333333335,0.8666666666666667,15,0.9999999999999992
27-2021.00,Athletes and Sports Competitors,0.0,0.0,0.0,0.0,0.0,0.0,9,0.9999999999999997
27-2023.00,"Umpires, Referees, and Other Sports Officials",0.27926507337204093,0.3954832215697355,0.51170136976743,0.25,0.34375,0.4375,16,0.9999999999999992
27-2031.00,Dancers,0.0,0.011272553462298357,0.022545106924596714,0.0,0.03571428571428571,0.07142857142857142,14,0.9999999999999993
27-2032.00,Choreographers,0.030397728258767128,0.26850909893282604,0.506620469606885,0.05555555555555555,0.2777777777777778,0.5,18,0.9999999999999991
27-3011.00,Broadcast Announcers and Radio Disc Jockeys,0.4828189182058245,0.7030595986139391,0.9233002790220535,0.4166666666666667,0.6666666666666666,0.9166666666666666,24,0.9999999999999991
27-3023.00,"News Analysts, Reporters, and Journalists",0.2616894539000433,0.6308447269500217,1.0,0.3,0.65,1.0,30,0.9999999999999983
27-3031.00,Public Relations Specialists,0.13359233561781064,0.5607915211707096,0.9879907067236084,0.2222222222222222,0.5833333333333334,0.9444444444444444,18,0.9999999999999992
27-3041.00,Editors,0.457061359211742,0.7195834149683,0.9821054707248582,0.3333333333333333,0.6428571428571429,0.9523809523809523,21,0.9999999999999989
27-3042.00,Technical Writers,0.6132007441834878,0.7976032269927047,0.9820057098019216,0.4666666666666667,0.7,0.9333333333333333,15,0.9999999999999994
27-3043.05,"Poets, Lyricists and Creative Writers",0.9577811682148042,0.9577811682148042,0.9577811682148042,0.875,0.875,0.875,16,0.9999999999999992
27-3092.00,Court Reporters and Simultaneous Captioners,0.9587767742812716,0.9793883871406357,1.0,0.9285714285714286,0.9642857142857143,1.0,14,0.9999999999999993
27-4011.00,Audio and Video Technicians,0.07931460062632549,0.45630310383132067,0.8332916070363159,0.1724137931034483,0.4827586206896552,0.7931034482758621,29,0.9999999999999989
27-4014.00,Sound Engineering Technicians,0.07056218669014444,0.443706903163634,0.8168516196371233,0.07142857142857142,0.42857142857142855,0.7857142857142857,14,0.9999999999999993
29-1011.00,Chiropractors,0.23404168128319358,0.45513492145203593,0.6762281616208783,0.18181818181818182,0.45454545454545453,0.7272727272727273,11,0.9999999999999997
29-1021.00,"Dentists, General",0.02970667322276953,0.24526337921926133,0.4608200852157531,0.05,0.25,0.45,20,0.999999999999999
29-1022.00,Oral and Maxillofacial Surgeons,0.0,0.08418574071954063,0.16837148143908126,0.0,0.03571428571428571,0.07142857142857142,14,0.999999999999999
29-1023.00,Orthodontists,0.0,0.28528647537655455,0.5705729507531091,0.0,0.3,0.6,10,0.8839034613341609
29-1024.00,Prosthodontists,0.0,0.04844686464571955,0.0968937292914391,0.0,0.045454545454545456,0.09090909090909091,11,0.821307820729588
29-1031.00,Dietitians and Nutritionists,0.05722020396889108,0.4923498216336268,0.9274794392983624,0.10714285714285714,0.5178571428571429,0.9285714285714286,28,0.9999999999999986
29-1041.00,Optometrists,0.0,0.2802977301053449,0.5605954602106898,0.0,0.3,0.6,10,0.9999999999999996
29-1071.00,Physician Assistants,0.0,0.39128008131861375,0.7825601626372275,0.0,0.375,0.75,12,0.9999999999999994
29-1071.01,Anesthesiologist Assistants,0.0,0.20995299760223093,0.41990599520446187,0.0,0.15625,0.3125,16,0.9999999999999993
29-1081.00,Podiatrists,0.0,0.2988150217275763,0.5976300434551526,0.0,0.2727272727272727,0.5454545454545454,11,0.9999999999999998
29-1122.00,Occupational Therapists,0.17172413150683782,0.321751492349114,0.47177885319139024,0.11764705882352941,0.29411764705882354,0.47058823529411764,17,0.9999999999999991
29-1122.01,"Low Vision Therapists, Orientation and Mobility Specialists, and Vision Rehabilitation Therapists",0.025384877204550838,0.31516475507558395,0.6049446329466172,0.09523809523809523,0.2857142857142857,0.47619047619047616,21,0.9999999999999986
29-1123.00,Physical Therapists,0.13863867793846057,0.20981070205459657,0.2809827261707326,0.08333333333333333,0.1875,0.2916666666666667,24,0.9999999999999989
29-1124.00,Radiation Therapists,0.06654562308825467,0.25598168885408196,0.4454177546199093,0.045454545454545456,0.2727272727272727,0.5,22,0.9999999999999989
29-1125.00,Recreational Therapists,0.10819721329468454,0.2830246892167221,0.45785216513875965,0.09090909090909091,0.3181818181818182,0.5454545454545454,11,0.9999999999999996
29-1126.00,Respiratory Therapists,0.14449104369948365,0.24830988679441376,0.35212872988934385,0.09090909090909091,0.20454545454545456,0.3181818181818182,22,0.9999999999999991
29-1128.00,Exercise Physiologists,0.028444769320497627,0.2656950016615084,0.5029452340025191,0.04,0.26,0.48,25,0.999999999999999
29-1129.01,Art Therapists,0.04029884384934014,0.28354569527804974,0.5267925467067592,0.04,0.3,0.56,25,0.9999999999999989
29-1129.02,Music Therapists,0.11116372392731573,0.42192619453308994,0.732688665138864,0.13333333333333333,0.43333333333333335,0.7333333333333333,30,0.9999999999999989
29-1141.00,Registered Nurses,0.07277134074782211,0.38394848696935047,0.6951256331908788,0.037037037037037035,0.3333333333333333,0.6296296296296297,27,0.9999999999999984
29-1141.01,Acute Care Nurses,0.044787560152362856,0.3759396071277161,0.7070916541030695,0.037037037037037035,0.3148148148148148,0.5925925925925926,27,0.9999999999999988
29-1141.02,Advanced Practice Psychiatric Nurses,0.05657708577289596,0.41510484565968725,0.7736326055464786,0.08333333333333333,0.4583333333333333,0.8333333333333334,24,0.9999999999999989
29-1141.03,Critical Care Nurses,0.05640919745098759,0.3343096448352406,0.6122100922194937,0.10344827586206896,0.3448275862068966,0.5862068965517241,29,0.9999999999999984
29-1141.04,Clinical Nurse Specialists,0.11886632603597284,0.4967589482397071,0.8746515704434414,0.06666666666666667,0.45,0.8333333333333334,30,0.9999999999999988
29-1151.00,Nurse Anesthetists,0.0,0.14608726356322072,0.29217452712644143,0.0,0.16666666666666666,0.3333333333333333,24,0.9999999999999989
29-1161.00,Nurse Midwives,0.2601656665717002,0.39139419290704575,0.5226227192423913,0.19047619047619047,0.38095238095238093,0.5714285714285714,21,0.9999999999999991
29-1171.00,Nurse Practitioners,0.06115015788279516,0.4889312612162067,0.9167123645496182,0.037037037037037035,0.48148148148148145,0.9259259259259259,27,0.999999999999999
29-1181.00,Audiologists,0.15253159200842997,0.423128357263847,0.6937251225192639,0.13636363636363635,0.45454545454545453,0.7727272727272727,22,0.9999999999999989
29-1211.00,Anesthesiologists,0.0,0.21940281205288226,0.4388056241057645,0.0,0.25,0.5,18,0.9999999999999989
29-1213.00,Dermatologists,0.0,0.40784952966159116,0.8156990593231823,0.0,0.3888888888888889,0.7777777777777778,18,0.9999999999999992
29-1214.00,Emergency Medicine Physicians,0.08514276291594637,0.5207847869207702,0.9564268109255942,0.058823529411764705,0.4411764705882353,0.8235294117647058,17,0.9999999999999991
29-1216.00,General Internal Medicine Physicians,0.0,0.47764079185196995,0.9552815837039399,0.0,0.4473684210526316,0.8947368421052632,19,0.9999999999999991
29-1217.00,Neurologists,0.06011823588871087,0.4743528165884445,0.8885873972881783,0.041666666666666664,0.4375,0.8333333333333334,24,0.9999999999999989
29-1218.00,Obstetricians and Gynecologists,0.0,0.3806866960586556,0.7613733921173113,0.0,0.4,0.8,15,0.9999999999999993
29-1221.00,"Pediatricians, General",0.0,0.4533534829778963,0.9067069659557926,0.0,0.47058823529411764,0.9411764705882353,17,0.9999999999999993
29-1222.00,"Physicians, Pathologists",0.13320794003625677,0.5068311987209244,0.880454457405592,0.05263157894736842,0.4473684210526316,0.8421052631578947,19,0.9999999999999993
29-1223.00,Psychiatrists,0.016210636313446908,0.4442314728953712,0.8722523094772954,0.08333333333333333,0.4583333333333333,0.8333333333333334,12,0.9999999999999996
29-1229.01,Allergists and Immunologists,0.15729784841582453,0.45268177487399913,0.7480657013321738,0.1875,0.46875,0.75,16,0.9999999999999991
29-1229.02,Hospitalists,0.12991621420475785,0.515407115541338,0.9008980168779182,0.21428571428571427,0.5714285714285714,0.9285714285714286,14,0.9999999999999997
29-1229.03,Urologists,0.13871257278749888,0.4635352674338322,0.7883579620801655,0.07142857142857142,0.35714285714285715,0.6428571428571429,14,0.9999999999999994
29-1229.04,Physical Medicine and Rehabilitation Physicians,0.12099531203725956,0.32624417910197523,0.5314930461666909,0.06666666666666667,0.26666666666666666,0.4666666666666667,15,0.9999999999999994
29-1229.05,Preventive Medicine Physicians,0.0,0.4219139471019852,0.8438278942039704,0.0,0.4666666666666667,0.9333333333333333,15,0.9999999999999991
29-1229.06,Sports Medicine Physicians,0.10023537051895373,0.45359568519533455,0.8069559998717154,0.07407407407407407,0.3888888888888889,0.7037037037037037,27,0.9999999999999988
29-1241.00,"Ophthalmologists, Except Pediatric",0.1067119233244237,0.5072765946997617,0.9078412660750997,0.05555555555555555,0.4166666666666667,0.7777777777777778,18,0.9999999999999991
29-1291.00,Acupuncturists,0.15768462781189302,0.15768462781189302,0.15768462781189302,0.16666666666666666,0.16666666666666666,0.16666666666666666,18,0.9999999999999992
29-1299.01,Naturopathic Physicians,0.2061139453115046,0.42513916757872006,0.6441643898459356,0.2,0.45,0.7,20,0.9999999999999991
29-1299.02,Orthoptists,0.16725485158550052,0.5325437575107362,0.8978326634359718,0.1875,0.53125,0.875,16,0.9999999999999993
29-2011.01,Cytogenetic Technologists,0.19119965632377048,0.4676575495603129,0.7441154427968556,0.2,0.4166666666666667,0.6333333333333333,30,0.9999999999999986
29-2011.02,Cytotechnologists,0.12235845774093475,0.42796241926238915,0.7335663807838435,0.15384615384615385,0.4230769230769231,0.6923076923076923,13,0.9999999999999996
29-2011.04,Histotechnologists,0.09252972590161136,0.23801596799273816,0.383502210083865,0.125,0.28125,0.4375,16,0.9999999999999992
29-2012.01,Histology Technicians,0.0,0.13075710160226606,0.2615142032045321,0.0,0.125,0.25,8,0.9999999999999997
29-2032.00,Diagnostic Medical Sonographers,0.052510395208152955,0.3068513846179594,0.5611923740277658,0.1,0.3,0.5,20,0.999999999999999
29-2033.00,Nuclear Medicine Technologists,0.08378855775875556,0.3777573312173346,0.6717261046759136,0.058823529411764705,0.29411764705882354,0.5294117647058824,17,0.9999999999999993
29-2051.00,Dietetic Technicians,0.15263203580431098,0.5511897392930462,0.9497474427817814,0.15384615384615385,0.5384615384615384,0.9230769230769231,13,0.9999999999999994
29-2052.00,Pharmacy Technicians,0.3511199414718734,0.4857209482310975,0.6203219549903215,0.2857142857142857,0.40476190476190477,0.5238095238095238,21,0.9999999999999989
29-2053.00,Psychiatric Technicians,0.0,0.09238899825400938,0.18477799650801877,0.0,0.125,0.25,16,0.9999999999999991
29-2055.00,Surgical Technologists,0.027556679537126722,0.03535769600094938,0.043158712464772035,0.0625,0.09375,0.125,16,0.9999999999999992
29-2056.00,Veterinary Technologists and Technicians,0.04680563145677408,0.1318113324258606,0.21681703339494707,0.06451612903225806,0.16129032258064516,0.25806451612903225,31,0.9999999999999983
29-2057.00,Ophthalmic Medical Technicians,0.07015736394361648,0.3485522655572998,0.6269471671709831,0.05,0.325,0.6,20,0.9999999999999988
29-2081.00,"Opticians, Dispensing",0.09750018798379138,0.2624544651258149,0.4274087422678385,0.09523809523809523,0.2857142857142857,0.47619047619047616,21,0.999999999999999
29-2091.00,Orthotists and Prosthetists,0.33458505263635646,0.402564898494821,0.4705447443532856,0.2,0.3,0.4,15,0.9999999999999994
29-2092.00,Hearing Aid Specialists,0.0,0.201002349073675,0.40200469814735,0.0,0.22727272727272727,0.45454545454545453,11,0.9999999999999996
29-2099.01,Neurodiagnostic Technologists,0.05658651913297003,0.3206945597160765,0.5848026002991829,0.0625,0.34375,0.625,16,0.9999999999999993
29-2099.05,Ophthalmic Medical Technologists,0.04865048887825768,0.3994428866678092,0.7502352844573605,0.03225806451612903,0.3709677419354839,0.7096774193548387,31,0.9999999999999983
29-2099.08,Patient Representatives,0.037612932470210525,0.5050398100757579,0.9724666876813054,0.07692307692307693,0.5,0.9230769230769231,13,0.9999999999999993
29-9091.00,Athletic Trainers,0.12250725292960203,0.29025894891192144,0.45801064489424087,0.13043478260869565,0.30434782608695654,0.4782608695652174,23,0.999999999999999
29-9092.00,Genetic Counselors,0.21993449336481652,0.558817228378015,0.8976999633912135,0.10526315789473684,0.5,0.8947368421052632,19,0.999999999999999
29-9093.00,Surgical Assistants,0.0,0.04591374713807397,0.09182749427614793,0.0,0.03571428571428571,0.07142857142857142,28,0.9999999999999987
29-9099.01,Midwives,0.21951068661812478,0.45675574505949207,0.6940008035008592,0.16666666666666666,0.3888888888888889,0.6111111111111112,36,0.9999999999999982
31-1121.00,Home Health Aides,0.1162131196124111,0.1162131196124111,0.1162131196124111,0.06666666666666667,0.06666666666666667,0.06666666666666667,15,0.9999999999999992
31-1122.00,Personal Care Aides,0.2398117859972926,0.27411956972377066,0.30842735345024874,0.18181818181818182,0.22727272727272727,0.2727272727272727,11,0.9999999999999996
31-1131.00,Nursing Assistants,0.052658177739183375,0.09814862931377584,0.1436390808883683,0.06060606060606061,0.10606060606060606,0.15151515151515152,33,0.9999999999999986
31-1133.00,Psychiatric Aides,0.14307616688922264,0.14307616688922264,0.14307616688922264,0.17647058823529413,0.17647058823529413,0.17647058823529413,17,0.9999999999999996
31-2011.00,Occupational Therapy Assistants,0.16963783236882105,0.21672068734481226,0.26380354232080344,0.18181818181818182,0.2727272727272727,0.36363636363636365,22,0.9999999999999984
31-2012.00,Occupational Therapy Aides,0.23392865755341827,0.2844344199184319,0.3349401822834455,0.2,0.23333333333333334,0.26666666666666666,15,0.9999999999999994
31-2021.00,Physical Therapist Assistants,0.10712676230431922,0.17893692460412977,0.2507470869039403,0.09523809523809523,0.14285714285714285,0.19047619047619047,21,0.9999999999999988
31-2022.00,Physical Therapist Aides,0.1252126157749762,0.18469494834984257,0.24417728092470897,0.10526315789473684,0.15789473684210525,0.21052631578947367,19,0.9999999999999993
31-9011.00,Massage Therapists,0.06918141140006272,0.06918141140006272,0.06918141140006272,0.07142857142857142,0.07142857142857142,0.07142857142857142,14,0.9999999999999998
31-9091.00,Dental Assistants,0.21209073512093615,0.3462458404801189,0.4804009458393017,0.125,0.25,0.375,16,0.9999999999999993
31-9092.00,Medical Assistants,0.249901849428725,0.4212180154522792,0.5925341814758334,0.2,0.375,0.55,20,0.9999999999999991
31-9094.00,Medical Transcriptionists,0.8330907962973954,0.8912171267256876,0.9493434571539799,0.8,0.8666666666666667,0.9333333333333333,15,0.9999999999999993
31-9096.00,Veterinary Assistants and Laboratory Animal Caretakers,0.11236127984252453,0.24781601882165075,0.383270757800777,0.10714285714285714,0.21428571428571427,0.32142857142857145,28,0.9999999999999989
31-9099.01,Speech-Language Pathology Assistants,0.349623135891752,0.6189942125265715,0.8883652891613913,0.2727272727272727,0.5454545454545454,0.8181818181818182,11,0.9999999999999996
31-9099.02,Endoscopy Technicians,0.007452626400381404,0.02067679641721271,0.033900966434044014,0.08333333333333333,0.125,0.16666666666666666,12,0.9999999999999996
33-1011.00,First-Line Supervisors of Correctional Officers,0.24490360166017705,0.2838176852637192,0.32273176886726135,0.21739130434782608,0.2826086956521739,0.34782608695652173,23,0.9999999999999991
33-1012.00,First-Line Supervisors of Police and Detectives,0.27124558988239916,0.4672128113149154,0.6631800327474316,0.1,0.325,0.55,20,0.9999999999999988
33-1091.00,First-Line Supervisors of Security Workers,0.21686903968083635,0.3984225796717974,0.5799761196627585,0.23809523809523808,0.40476190476190477,0.5714285714285714,21,0.9999999999999989
33-2021.00,Fire Inspectors and Investigators,0.10337562350762718,0.22305949608404702,0.3427433686604669,0.13333333333333333,0.2833333333333333,0.43333333333333335,30,0.9999999999999984
33-2022.00,Forest Fire Inspectors and Prevention Specialists,0.24444392504642132,0.3459188460115797,0.4473937669767381,0.125,0.21875,0.3125,16,0.9999999999999996
33-3011.00,Bailiffs,0.055984074128371926,0.055984074128371926,0.055984074128371926,0.06666666666666667,0.06666666666666667,0.06666666666666667,15,0.9999999999999994
33-3012.00,Correctional Officers and Jailers,0.21880188224134214,0.2433934074506092,0.26798493265987616,0.19230769230769232,0.25,0.3076923076923077,26,0.9771344948756111
33-3021.00,Detectives and Criminal Investigators,0.16709559839246568,0.38846983417746017,0.6098440699624545,0.1,0.31666666666666665,0.5333333333333333,30,0.9999999999999983
33-3021.02,Police Identification and Records Officers,0.1870782273069864,0.47895087770621647,0.7708235281054465,0.06666666666666667,0.3333333333333333,0.6,15,0.9728730367593339
33-3021.06,Intelligence Analysts,0.14467322083181622,0.5216020691178361,0.8985309174038559,0.1,0.525,0.95,20,0.9907927526299547
33-3031.00,Fish and Game Wardens,0.06776470870474105,0.23945477399580586,0.4111448392868707,0.08333333333333333,0.2708333333333333,0.4583333333333333,24,0.9999999999999991
33-3051.00,Police and Sheriff's Patrol Officers,0.06054039521090789,0.2158253761886476,0.37111035716638735,0.06666666666666667,0.25,0.43333333333333335,30,0.9999999999999986
33-3051.04,Customs and Border Protection Officers,0.2812871135737111,0.5846006655074132,0.8879142174411151,0.2727272727272727,0.45454545454545453,0.6363636363636364,11,0.9999999999999994
33-9011.00,Animal Control Workers,0.180907068530091,0.2902436270741273,0.3995801856181636,0.25,0.34375,0.4375,16,0.9999999999999994
33-9031.00,Gambling Surveillance Officers and Gambling Investigators,0.347690059622845,0.5260215587882358,0.7043530579536265,0.25,0.4375,0.625,8,0.9999999999999996
33-9032.00,Security Guards,0.1948960934296058,0.1948960934296058,0.1948960934296058,0.14285714285714285,0.14285714285714285,0.14285714285714285,14,0.9999999999999991
33-9091.00,Crossing Guards and Flaggers,0.053799746504663924,0.06723202833253288,0.08066431016040183,0.08333333333333333,0.125,0.16666666666666666,12,0.9999999999999997
33-9092.00,"Lifeguards, Ski Patrol, and Other Recreational Protective Service Workers",0.08844608708030029,0.08844608708030029,0.08844608708030029,0.06666666666666667,0.06666666666666667,0.06666666666666667,15,0.9999999999999991
33-9093.00,Transportation Security Screeners,0.0,0.3059688606173581,0.6119377212347162,0.0,0.2692307692307692,0.5384615384615384,26,0.9999999999999987
33-9099.02,Retail Loss Prevention Specialists,0.0934300120628552,0.3739263272347984,0.6544226424067415,0.09523809523809523,0.38095238095238093,0.6666666666666666,21,0.999999999999999
35-1011.00,Chefs and Head Cooks,0.10754787305630831,0.23774678644038336,0.36794569982445846,0.09523809523809523,0.2619047619047619,0.42857142857142855,21,0.999999999999999
35-1012.00,First-Line Supervisors of Food Preparation and Serving Workers,0.17285143994192886,0.4590632633501686,0.7452750867584084,0.19230769230769232,0.5,0.8076923076923077,26,0.999999999999999
35-2011.00,"Cooks, Fast Food",0.0,0.0,0.0,0.0,0.0,0.0,19,0.9999999999999991
35-2012.00,"Cooks, Institution and Cafeteria",0.024301895590044618,0.18706373796981343,0.3498255803495823,0.058823529411764705,0.17647058823529413,0.29411764705882354,17,0.9999999999999992
35-2013.00,"Cooks, Private Household",0.05511399736455763,0.07827554754091011,0.10143709771726257,0.15384615384615385,0.23076923076923078,0.3076923076923077,13,0.9999999999999993
35-2014.00,"Cooks, Restaurant",0.01044338618401631,0.02653181520399298,0.04262024422396964,0.05,0.125,0.2,20,0.999999999999999
35-3011.00,Bartenders,0.04491587411520774,0.08920053834428528,0.13348520257336285,0.1,0.2,0.3,20,0.999999999999999
35-3023.01,Baristas,0.14240450041017605,0.1462166397604129,0.15002877911064974,0.10526315789473684,0.13157894736842105,0.15789473684210525,19,0.9999999999999991
35-3031.00,Waiters and Waitresses,0.09144193520196879,0.1907782179454422,0.29011450068891553,0.08,0.18,0.28,25,0.9999999999999989
35-3041.00,"Food Servers, Nonrestaurant",0.07135147448134586,0.1454919131682588,0.2196323518551717,0.07142857142857142,0.14285714285714285,0.21428571428571427,14,0.9999999999999991
35-9021.00,Dishwashers,0.0,0.0,0.0,0.0,0.0,0.0,13,0.9999999999999993
37-1011.00,First-Line Supervisors of Housekeeping and Janitorial Workers,0.12735758657401264,0.19042459075904078,0.2534915949440689,0.15384615384615385,0.2692307692307692,0.38461538461538464,26,0.9999999999999989
37-1012.00,"First-Line Supervisors of Landscaping, Lawn Service, and Groundskeeping Workers",0.12404247574927221,0.3078448856641773,0.4916472955790823,0.14285714285714285,0.35714285714285715,0.5714285714285714,28,0.9999999999999991
37-3012.00,"Pesticide Handlers, Sprayers, and Applicators, Vegetation",0.0,0.05935261101712923,0.11870522203425846,0.0,0.05,0.1,10,0.9999999999999996
39-1022.00,First-Line Supervisors of Personal Service Workers,0.05939047743617975,0.4074524549640381,0.7555144324918964,0.11764705882352941,0.4411764705882353,0.7647058823529411,17,0.9999999999999992
39-2021.00,Animal Caretakers,0.1781520537637549,0.33976476710704645,0.501377480450338,0.13636363636363635,0.22727272727272727,0.3181818181818182,22,0.9999999999999989
39-3011.00,Gambling Dealers,0.09595084112138387,0.09595084112138387,0.09595084112138387,0.14285714285714285,0.14285714285714285,0.14285714285714285,21,0.9999999999999992
39-3031.00,"Ushers, Lobby Attendants, and Ticket Takers",0.10656008642610817,0.14110272220907788,0.17564535799204758,0.13043478260869565,0.15217391304347827,0.17391304347826086,23,0.9999999999999993
39-3092.00,Costume Attendants,0.11579216899776963,0.2485626625959494,0.3813331561941291,0.09523809523809523,0.23809523809523808,0.38095238095238093,21,0.9999999999999989
39-3093.00,"Locker Room, Coatroom, and Dressing Room Attendants",0.055858446080620974,0.055858446080620974,0.055858446080620974,0.043478260869565216,0.043478260869565216,0.043478260869565216,23,0.9999999999999987
39-4011.00,Embalmers,0.06138440008390199,0.06138440008390199,0.06138440008390199,0.038461538461538464,0.038461538461538464,0.038461538461538464,26,0.9999999999999986
39-4031.00,"Morticians, Undertakers, and Funeral Arrangers",0.10427361440571602,0.1708178880426215,0.23736216167952706,0.09090909090909091,0.1590909090909091,0.22727272727272727,22,0.999999999999999
39-5091.00,"Makeup Artists, Theatrical and Performance",0.03366699669953783,0.3001891834658745,0.5667113702322111,0.047619047619047616,0.3333333333333333,0.6190476190476191,21,0.9474361899803935
39-5092.00,Manicurists and Pedicurists,0.055125846436986835,0.08165026176533471,0.10817467709368257,0.05555555555555555,0.08333333333333333,0.1111111111111111,18,0.9999999999999993
39-5093.00,Shampooers,0.13403640859190533,0.13403640859190533,0.13403640859190533,0.25,0.25,0.25,4,0.9999999999999998
39-5094.00,Skincare Specialists,0.09715680729078752,0.2733874001178429,0.4496179929448983,0.05555555555555555,0.19444444444444445,0.3333333333333333,18,0.9999999999999989
39-6012.00,Concierges,0.16728189733408058,0.3912972137517451,0.6153125301694098,0.125,0.4375,0.75,16,0.9547381088555585
39-7011.00,Tour Guides and Escorts,0.271136957379131,0.3439581931809282,0.4167794289827253,0.15789473684210525,0.23684210526315788,0.3157894736842105,19,0.9999999999999991
39-9011.01,Nannies,0.09265042520891,0.11711790506671307,0.14158538492451614,0.10526315789473684,0.13157894736842105,0.15789473684210525,19,0.999999999999999
39-9032.00,Recreation Workers,0.0980743971329606,0.26487658112288665,0.4316787651128126,0.125,0.25,0.375,24,0.999999999999999
39-9041.00,Residential Advisors,0.14171556676403518,0.24363297454908767,0.34555038233414015,0.1,0.23333333333333334,0.36666666666666664,30,0.9999999999999987
41-1011.00,First-Line Supervisors of Retail Sales Workers,0.044238860650429854,0.4693380079428593,0.8944371552352888,0.09523809523809523,0.5,0.9047619047619048,21,0.9999999999999988
41-1012.00,First-Line Supervisors of Non-Retail Sales Workers,0.27156490674120265,0.6279922223283011,0.9844195379153995,0.1111111111111111,0.5277777777777778,0.9444444444444444,18,0.9999999999999993
41-2021.00,Counter and Rental Clerks,0.31736810538298843,0.582824530875549,0.8482809563681097,0.25,0.53125,0.8125,16,0.9999999999999993
41-2022.00,Parts Salespersons,0.20490930661602008,0.39832783308777325,0.5917463595595264,0.15789473684210525,0.3157894736842105,0.47368421052631576,19,0.9999999999999992
41-2031.00,Retail Salespersons,0.07313819951737069,0.3191560093830904,0.5651738192488103,0.125,0.375,0.625,24,0.9999999999999989
41-3011.00,Advertising Sales Agents,0.2870200817127903,0.631684753073964,0.9763494244351378,0.2,0.55,0.9,20,0.9999999999999989
41-3021.00,Insurance Sales Agents,0.4016457939660215,0.7008228969830108,1.0,0.15789473684210525,0.5789473684210527,1.0,19,0.9999999999999991
41-3041.00,Travel Agents,0.11766393726175416,0.558831968630877,1.0,0.125,0.5625,1.0,8,0.9999999999999996
41-4011.07,Solar Sales Representatives and Assessors,0.0,0.4772434253459162,0.9544868506918324,0.0,0.46153846153846156,0.9230769230769231,13,0.9999999999999993
41-9022.00,Real Estate Sales Agents,0.0,0.44574793722396744,0.8914958744479349,0.0,0.4393939393939394,0.8787878787878788,33,0.9999999999999981
41-9031.00,Sales Engineers,0.19044901311012982,0.5382588826920537,0.8860687522739775,0.16,0.52,0.88,25,0.9999999999999988
41-9041.00,Telemarketers,0.6790697748303127,0.8395348874151563,1.0,0.5833333333333334,0.7916666666666666,1.0,12,0.9999999999999994
41-9091.00,"Door-to-Door Sales Workers, News and Street Vendors, and Related Workers",0.11170494131666137,0.1542059302372232,0.19670691915778502,0.16666666666666666,0.25,0.3333333333333333,12,0.9999999999999994
43-2011.00,"Switchboard Operators, Including Answering Service",0.6289613039976619,0.7075406148626439,0.786119925727626,0.5263157894736842,0.631578947368421,0.7368421052631579,19,0.9999999999999992
43-3011.00,Bill and Account Collectors,0.3648062948007325,0.6824031474003662,1.0,0.4,0.7,1.0,15,0.9999999999999993
43-3041.00,Gambling Cage Workers,0.30357203985268755,0.323864104515982,0.3441561691792765,0.4117647058823529,0.4411764705882353,0.47058823529411764,17,0.9999999999999993
43-3061.00,Procurement Clerks,0.26676818457490287,0.6214272636354484,0.9760863426959938,0.2631578947368421,0.6052631578947368,0.9473684210526315,19,0.9999999999999993
43-4061.00,"Eligibility Interviewers, Government Programs",0.3903509543169206,0.6933752906956792,0.9963996270744377,0.4117647058823529,0.6764705882352942,0.9411764705882353,17,0.9999999999999993
43-4081.00,"Hotel, Motel, and Resort Desk Clerks",0.19061459852279358,0.5277694634796507,0.8649243284365076,0.2,0.5,0.8,20,0.999999999999999
43-4131.00,Loan Interviewers and Clerks,0.17867209436113285,0.5893360471805663,1.0,0.16666666666666666,0.5833333333333334,1.0,18,0.9999999999999991
43-4141.00,New Accounts Clerks,0.30098797152745027,0.5808761086470482,0.8607642457666459,0.26666666666666666,0.5666666666666667,0.8666666666666667,15,0.9999999999999994
43-4151.00,Order Clerks,0.5540100989435575,0.7770050494717786,1.0,0.42105263157894735,0.7105263157894737,1.0,19,0.9999999999999989
43-4161.00,"Human Resources Assistants, Except Payroll and Timekeeping",0.2800524834168559,0.6223214400476849,0.9645903966785138,0.2631578947368421,0.6052631578947368,0.9473684210526315,19,0.9999999999999991
43-4181.00,Reservation and Transportation Ticket Agents and Travel Clerks,0.1070188439695709,0.4673784966432639,0.8277381493169571,0.09523809523809523,0.4523809523809524,0.8095238095238095,21,0.9999999999999991
43-5011.01,Freight Forwarders,0.18792016579770404,0.593960082898852,1.0,0.16129032258064516,0.5806451612903226,1.0,31,0.9999999999999988
43-5031.00,Public Safety Telecommunicators,0.3908965369561865,0.6575940522170762,0.9242915674779659,0.3888888888888889,0.6388888888888888,0.8888888888888888,18,0.9999999999999992
43-5061.00,"Production, Planning, and Expediting Clerks",0.2746442168224767,0.5868748728744649,0.8991055289264533,0.29411764705882354,0.6176470588235294,0.9411764705882353,17,0.999999999999999
43-5071.00,"Shipping, Receiving, and Inventory Clerks",0.21881534216353613,0.4999206596337178,0.7810259771038994,0.2727272727272727,0.5,0.7272727272727273,11,0.9999999999999993
43-6011.00,Executive Secretaries and Executive Administrative Assistants,0.3419744090730649,0.6500313848096705,0.958088360546276,0.36363636363636365,0.6363636363636364,0.9090909090909091,22,0.999999999999999
43-6012.00,Legal Secretaries and Administrative Assistants,0.2568612118728218,0.6284306059364109,1.0,0.35714285714285715,0.6785714285714286,1.0,14,0.9999999999999991
43-9021.00,Data Entry Keyers,0.8521054681543586,0.9077055491818354,0.9633056302093121,0.7777777777777778,0.8333333333333334,0.8888888888888888,9,0.9999999999999996
43-9031.00,Desktop Publishers,0.23611824220551686,0.5476503781612607,0.8591825141170045,0.3333333333333333,0.6388888888888888,0.9444444444444444,18,0.9999999999999993
43-9081.00,Proofreaders and Copy Markers,0.9148922536097023,0.9574461268048511,1.0,0.9090909090909091,0.9545454545454546,1.0,11,0.9999999999999998
43-9111.00,Statistical Assistants,0.8285933609432137,0.8892556001791209,0.9499178394150283,0.7142857142857143,0.8214285714285714,0.9285714285714286,14,0.9999999999999994
45-2091.00,Agricultural Equipment Operators,0.0,0.0,0.0,0.0,0.0,0.0,17,0.9999999999999991
45-4022.00,Logging Equipment Operators,0.20860140689584505,0.20860140689584505,0.20860140689584505,0.2222222222222222,0.2222222222222222,0.2222222222222222,9,0.9999999999999998
47-1011.00,First-Line Supervisors of Construction Trades and Extraction Workers,0.03086735279756952,0.4327559547274665,0.8346445566573634,0.06666666666666667,0.4,0.7333333333333333,15,0.9999999999999993
47-1011.03,Solar Energy Installation Managers,0.0,0.3979521889312663,0.7959043778625327,0.0,0.43333333333333335,0.8666666666666667,15,0.9999999999999993
47-2011.00,Boilermakers,0.0,0.01915088045606911,0.03830176091213822,0.0,0.029411764705882353,0.058823529411764705,17,0.9690755946040732
47-2021.00,Brickmasons and Blockmasons,0.0,0.030404567404743423,0.060809134809486846,0.0,0.03571428571428571,0.07142857142857142,14,0.9999999999999992
47-2041.00,Carpet Installers,0.0,0.030134072487258676,0.06026814497451735,0.0,0.0625,0.125,16,0.9999999999999992
47-2042.00,"Floor Layers, Except Carpet, Wood, and Hard Tiles",0.0,0.0,0.0,0.0,0.0,0.0,14,0.9999999999999992
47-2043.00,Floor Sanders and Finishers,0.0,0.11907071253266499,0.23814142506532998,0.0,0.07142857142857142,0.14285714285714285,7,0.9999999999999997
47-2051.00,Cement Masons and Concrete Finishers,0.0,0.0,0.0,0.0,0.0,0.0,26,0.9999999999999984
47-2053.00,Terrazzo Workers and Finishers,0.0,0.0,0.0,0.0,0.0,0.0,26,0.9999999999999987
47-2072.00,Pile Driver Operators,0.0,0.0,0.0,0.0,0.0,0.0,5,0.9999999999999999
47-2081.00,Drywall and Ceiling Tile Installers,0.0,0.07721695884242984,0.15443391768485967,0.0,0.038461538461538464,0.07692307692307693,26,0.999999999999999
47-2082.00,Tapers,0.0,0.0,0.0,0.0,0.0,0.0,16,0.9999999999999992
47-2111.00,Electricians,0.0855258031040135,0.144089933360118,0.20265406361622246,0.09523809523809523,0.14285714285714285,0.19047619047619047,21,0.9999999999999987
47-2121.00,Glaziers,0.0,0.14336918817475897,0.28673837634951793,0.0,0.09259259259259259,0.18518518518518517,27,0.9999999999999988
47-2131.00,"Insulation Workers, Floor, Ceiling, and Wall",0.0,0.02711069419571816,0.05422138839143632,0.0,0.05,0.1,10,0.9999999999999996
47-2142.00,Paperhangers,0.0,0.012341752573819061,0.024683505147638122,0.0,0.025,0.05,20,0.9999999999999991
47-2151.00,Pipelayers,0.0,0.05516736015646213,0.11033472031292425,0.0,0.03571428571428571,0.07142857142857142,14,0.9999999999999996
47-2152.00,"Plumbers, Pipefitters, and Steamfitters",0.029890965124536942,0.08882378156039718,0.1477565979962574,0.03333333333333333,0.1,0.16666666666666666,30,0.9999999999999986
47-2152.04,Solar Thermal Installers and Technicians,0.0,0.048828597168695156,0.09765719433739031,0.0,0.047619047619047616,0.09523809523809523,21,0.9999999999999989
47-2161.00,Plasterers and Stucco Masons,0.060614426896818036,0.060614426896818036,0.060614426896818036,0.06666666666666667,0.06666666666666667,0.06666666666666667,15,0.9999999999999994
47-2171.00,Reinforcing Iron and Rebar Workers,0.0,0.10845308655992222,0.21690617311984445,0.0,0.07142857142857142,0.14285714285714285,7,0.9999999999999998
47-2231.00,Solar Photovoltaic Installers,0.0,0.13392199047650905,0.2678439809530181,0.0,0.11538461538461539,0.23076923076923078,26,0.9999999999999986
47-3011.00,"Helpers--Brickmasons, Blockmasons, Stonemasons, and Tile and Marble Setters",0.0,0.0,0.0,0.0,0.0,0.0,15,0.9999999999999991
47-3012.00,Helpers--Carpenters,0.0,0.0,0.0,0.0,0.0,0.0,18,0.9999999999999991
47-3013.00,Helpers--Electricians,0.018098837778026854,0.018098837778026854,0.018098837778026854,0.041666666666666664,0.041666666666666664,0.041666666666666664,24,0.9989501415846533
47-3014.00,"Helpers--Painters, Paperhangers, Plasterers, and Stucco Masons",0.0,0.0,0.0,0.0,0.0,0.0,11,0.9999999999999993
47-3015.00,"Helpers--Pipelayers, Plumbers, Pipefitters, and Steamfitters",0.0,0.0,0.0,0.0,0.0,0.0,15,0.999999999999999
47-3016.00,Helpers--Roofers,0.0,0.0,0.0,0.0,0.0,0.0,18,0.999999999999999
47-4011.00,Construction and Building Inspectors,0.0,0.29369442011351365,0.5873888402270273,0.0,0.2631578947368421,0.5263157894736842,19,0.999999999999999
47-4011.01,Energy Auditors,0.0,0.4081838465820026,0.8163676931640051,0.0,0.42857142857142855,0.8571428571428571,21,0.9999999999999989
47-4021.00,Elevator and Escalator Installers and Repairers,0.15862676621364574,0.18445996522091426,0.21029316422818278,0.15,0.175,0.2,20,0.999999999999999
47-4031.00,Fence Erectors,0.030766436137998333,0.030766436137998333,0.030766436137998333,0.05,0.05,0.05,20,0.999999999999999
47-4041.00,Hazardous Materials Removal Workers,0.02555976512755683,0.052743718698220664,0.07992767226888449,0.047619047619047616,0.09523809523809523,0.14285714285714285,21,0.9999999999999988
47-4051.00,Highway Maintenance Workers,0.0,0.003382602865557354,0.006765205731114708,0.0,0.02631578947368421,0.05263157894736842,19,0.9999999999999989
47-4061.00,Rail-Track Laying and Maintenance Equipment Operators,0.0,0.0,0.0,0.0,0.0,0.0,26,0.9999999999999986
47-4071.00,Septic Tank Servicers and Sewer Pipe Cleaners,0.052370377365118334,0.05871356937225379,0.06505676137938925,0.045454545454545456,0.06818181818181818,0.09090909090909091,22,0.9999999999999993
47-4091.00,Segmental Pavers,0.0,0.03319790417580376,0.06639580835160752,0.0,0.041666666666666664,0.08333333333333333,12,0.9999999999999997
47-4099.03,Weatherization Installers and Technicians,0.13093973594723043,0.1928279715198127,0.254716207092395,0.15,0.2,0.25,20,0.999999999999999
47-5011.00,"Derrick Operators, Oil and Gas",0.0,0.0,0.0,0.0,0.0,0.0,15,0.9999999999999994
47-5013.00,"Service Unit Operators, Oil and Gas",0.05129584053898715,0.05129584053898715,0.05129584053898715,0.05263157894736842,0.05263157894736842,0.05263157894736842,19,0.999999999999999
47-5022.00,"Excavating and Loading Machine and Dragline Operators, Surface Mining",0.0,0.0,0.0,0.0,0.0,0.0,16,0.9999999999999994
47-5041.00,Continuous Mining Machine Operators,0.0,0.0,0.0,0.0,0.0,0.0,15,0.9999999999999993
47-5043.00,"Roof Bolters, Mining",0.0,0.0,0.0,0.0,0.0,0.0,14,0.9999999999999992
47-5051.00,"Rock Splitters, Quarry",0.0,0.06371678023093137,0.12743356046186274,0.0,0.05555555555555555,0.1111111111111111,9,0.9999999999999996
47-5081.00,Helpers--Extraction Workers,0.0,0.0,0.0,0.0,0.0,0.0,14,0.9999999999999993
49-1011.00,"First-Line Supervisors of Mechanics, Installers, and Repairers",0.02524326139792303,0.4028967159741156,0.7805501705503082,0.045454545454545456,0.4318181818181818,0.8181818181818182,22,0.9999999999999988
49-2011.00,"Computer, Automated Teller, and Office Machine Repairers",0.2854552090154709,0.36109758925085333,0.4367399694862357,0.28,0.36,0.44,25,0.9999999999999987
49-2091.00,Avionics Technicians,0.14984549642815068,0.268708538619807,0.3875715808114632,0.15384615384615385,0.2692307692307692,0.38461538461538464,13,0.9999999999999994
49-2093.00,"Electrical and Electronics Installers and Repairers, Transportation Equipment",0.3306192318467025,0.4060881618786987,0.48155709191069485,0.2,0.26666666666666666,0.3333333333333333,15,0.9999999999999991
49-2094.00,"Electrical and Electronics Repairers, Commercial and Industrial Equipment",0.18037458908201565,0.26959426737921366,0.3588139456764117,0.2,0.325,0.45,20,0.9999999999999991
49-2096.00,"Electronic Equipment Installers and Repairers, Motor Vehicles",0.14925663318074558,0.14925663318074558,0.14925663318074558,0.16666666666666666,0.16666666666666666,0.16666666666666666,12,0.9999999999999994
49-2097.00,Audiovisual Equipment Installers and Repairers,0.12347862719479953,0.1509711749754951,0.17846372275619063,0.18181818181818182,0.22727272727272727,0.2727272727272727,11,0.9999999999999998
49-2098.00,Security and Fire Alarm Systems Installers,0.22538025590614533,0.2631596263166011,0.3009389967270569,0.125,0.21875,0.3125,16,0.9999999999999993
49-3011.00,Aircraft Mechanics and Service Technicians,0.08841282997099435,0.15654992006365906,0.22468701015632375,0.07894736842105263,0.13157894736842105,0.18421052631578946,38,0.9999999999999983
49-3021.00,Automotive Body and Related Repairers,0.0,0.033075070575132745,0.06615014115026549,0.0,0.04,0.08,25,0.9999999999999987
49-3022.00,Automotive Glass Installers and Repairers,0.0,0.0,0.0,0.0,0.0,0.0,18,0.9999999999999993
49-3031.00,Bus and Truck Mechanics and Diesel Engine Specialists,0.0,0.0,0.0,0.0,0.0,0.0,26,0.9999999999999987
49-3041.00,Farm Equipment Mechanics and Service Technicians,0.1250968364819154,0.1250968364819154,0.1250968364819154,0.14285714285714285,0.14285714285714285,0.14285714285714285,14,0.9999999999999992
49-3042.00,"Mobile Heavy Equipment Mechanics, Except Engines",0.03929622310982624,0.091517647328835,0.14373907154784374,0.05,0.1,0.15,20,0.9999999999999991
49-3051.00,Motorboat Mechanics and Service Technicians,0.12497631537322566,0.12497631537322566,0.12497631537322566,0.07692307692307693,0.07692307692307693,0.07692307692307693,13,0.9999999999999994
49-3052.00,Motorcycle Mechanics,0.0,0.0,0.0,0.0,0.0,0.0,13,0.9999999999999993
49-3053.00,Outdoor Power Equipment and Other Small Engine Mechanics,0.20179639877854186,0.23543251474803842,0.2690686307175349,0.14285714285714285,0.17857142857142858,0.21428571428571427,14,0.9999999999999991
49-3092.00,Recreational Vehicle Service Technicians,0.058953225934744044,0.058953225934744044,0.058953225934744044,0.058823529411764705,0.058823529411764705,0.058823529411764705,17,0.9999999999999993
49-9011.00,Mechanical Door Repairers,0.09949191070815121,0.11476068806332157,0.13002946541849195,0.08,0.12,0.16,25,0.999999999999999
49-9041.00,Industrial Machinery Mechanics,0.16613248689825744,0.2503963448902822,0.33466020288230686,0.1875,0.28125,0.375,16,0.9999999999999992
49-9043.00,"Maintenance Workers, Machinery",0.11700030393402051,0.13954304688121585,0.16208578982841115,0.1111111111111111,0.1388888888888889,0.16666666666666666,18,0.9999999999999989
49-9044.00,Millwrights,0.0,0.08246451949880955,0.1649290389976191,0.0,0.021739130434782608,0.043478260869565216,23,0.9999999999999988
49-9051.00,Electrical Power-Line Installers and Repairers,0.0,0.0,0.0,0.0,0.0,0.0,23,0.9999999999999989
49-9061.00,Camera and Photographic Equipment Repairers,0.017426433578493314,0.14468896587898578,0.2719514981794782,0.06666666666666667,0.26666666666666666,0.4666666666666667,15,0.9999999999999992
49-9064.00,Watch and Clock Repairers,0.10109102593754468,0.15293227341447033,0.20477352089139597,0.13333333333333333,0.2,0.26666666666666666,15,0.9999999999999992
49-9094.00,Locksmiths and Safe Repairers,0.06011462481920805,0.06011462481920805,0.06011462481920805,0.07142857142857142,0.07142857142857142,0.07142857142857142,14,0.9999999999999992
49-9096.00,Riggers,0.0,0.0,0.0,0.0,0.0,0.0,14,0.9999999999999993
49-9098.00,"Helpers--Installation, Maintenance, and Repair Workers",0.0,0.021416352976595113,0.04283270595319023,0.0,0.03125,0.0625,16,0.9999999999999993
49-9099.01,Geothermal Technicians,0.06131367648067627,0.1688280145041745,0.27634235252767275,0.041666666666666664,0.16666666666666666,0.2916666666666667,24,0.9999999999999989
51-1011.00,First-Line Supervisors of Production and Operating Workers,0.14762701784935447,0.35152129577748237,0.5554155737056103,0.15,0.4,0.65,20,0.9999999999999989
51-2021.00,"Coil Winders, Tapers, and Finishers",0.1408162970382967,0.1408162970382967,0.1408162970382967,0.18181818181818182,0.18181818181818182,0.18181818181818182,11,0.9999999999999993
51-2023.00,Electromechanical Equipment Assemblers,0.0,0.04211416611336488,0.08422833222672976,0.0,0.03571428571428571,0.07142857142857142,14,0.9999999999999992
51-2031.00,Engine and Other Machine Assemblers,0.0,0.09957345728401673,0.19914691456803346,0.0,0.08333333333333333,0.16666666666666666,12,0.9999999999999997
51-2041.00,Structural Metal Fabricators and Fitters,0.0,0.03728138639089258,0.07456277278178516,0.0,0.021739130434782608,0.043478260869565216,23,0.9999999999999991
51-2051.00,Fiberglass Laminators and Fabricators,0.0,0.01767388096612111,0.03534776193224222,0.0,0.03125,0.0625,16,0.9999999999999994
51-2092.00,Team Assemblers,0.10545840841821534,0.1645394299839173,0.2236204515496192,0.18181818181818182,0.22727272727272727,0.2727272727272727,11,0.9999999999999996
51-3011.00,Bakers,0.10031811729851982,0.16656584025189342,0.23281356320526703,0.16666666666666666,0.2777777777777778,0.3888888888888889,18,0.9999999999999989
51-3092.00,Food Batchmakers,0.09770598548851471,0.10701971295558942,0.11633344042266412,0.08,0.1,0.12,25,0.9999999999999989
51-3093.00,Food Cooking Machine Operators and Tenders,0.1408742983056931,0.1408742983056931,0.1408742983056931,0.11764705882352941,0.11764705882352941,0.11764705882352941,17,0.9999999999999994
51-4021.00,"Extruding and Drawing Machine Setters, Operators, and Tenders, Metal and Plastic",0.0,0.017114699418361464,0.03422939883672293,0.0,0.03125,0.0625,16,0.9999999999999991
51-4022.00,"Forging Machine Setters, Operators, and Tenders, Metal and Plastic",0.0,0.05179667253037987,0.10359334506075973,0.0,0.038461538461538464,0.07692307692307693,13,0.9999999999999997
51-4023.00,"Rolling Machine Setters, Operators, and Tenders, Metal and Plastic",0.0905952982893786,0.16564468608951935,0.24069407388966008,0.10526315789473684,0.15789473684210525,0.21052631578947367,19,0.9999999999999989
51-4032.00,"Drilling and Boring Machine Tool Setters, Operators, and Tenders, Metal and Plastic",0.0,0.03635431167833152,0.07270862335666305,0.0,0.029411764705882353,0.058823529411764705,17,0.9999999999999994
51-4033.00,"Grinding, Lapping, Polishing, and Buffing Machine Tool Setters, Operators, and Tenders, Metal and Plastic",0.037670672897399525,0.06624155920827804,0.09481244551915656,0.05555555555555555,0.08333333333333333,0.1111111111111111,18,0.9999999999999993
51-4034.00,"Lathe and Turning Machine Tool Setters, Operators, and Tenders, Metal and Plastic",0.10182789580440817,0.14005715459746682,0.17828641339052542,0.125,0.15625,0.1875,16,0.9158355436404759
51-4035.00,"Milling and Planing Machine Setters, Operators, and Tenders, Metal and Plastic",0.1969644248383346,0.22454710010886564,0.2521297753793966,0.2,0.23333333333333334,0.26666666666666666,15,0.9999999999999996
51-4041.00,Machinists,0.1040075457545588,0.1478636008235154,0.19171965589247206,0.13793103448275862,0.20689655172413793,0.27586206896551724,29,0.9999999999999991
51-4051.00,Metal-Refining Furnace Operators and Tenders,0.10585209430439385,0.16585387744048513,0.22585566057657644,0.06666666666666667,0.1,0.13333333333333333,15,0.9999999999999994
51-4052.00,"Pourers and Casters, Metal",0.0,0.0,0.0,0.0,0.0,0.0,16,0.9999999999999992
51-4061.00,"Model Makers, Metal and Plastic",0.10948380965926206,0.16330991578728446,0.21713602191530684,0.125,0.15625,0.1875,16,0.9999999999999993
51-4062.00,"Patternmakers, Metal and Plastic",0.128651699484894,0.2675454824311095,0.40643926537732505,0.13333333333333333,0.2,0.26666666666666666,15,0.9999999999999993
51-4071.00,Foundry Mold and Coremakers,0.0,0.0,0.0,0.0,0.0,0.0,13,0.9999999999999993
51-4081.00,"Multiple Machine Tool Setters, Operators, and Tenders, Metal and Plastic",0.037162304316724626,0.0750441276831442,0.11292595104956378,0.09523809523809523,0.11904761904761904,0.14285714285714285,21,0.9999999999999992
51-4111.00,Tool and Die Makers,0.11474972357424107,0.21597427852048137,0.31719883346672173,0.11764705882352941,0.20588235294117646,0.29411764705882354,17,0.9999999999999993
51-4122.00,"Welding, Soldering, and Brazing Machine Setters, Operators, and Tenders",0.0655360663833556,0.09104867908228677,0.11656129178121796,0.06896551724137931,0.08620689655172414,0.10344827586206896,29,0.9999999999999986
51-4192.00,"Layout Workers, Metal and Plastic",0.0,0.09249155570404569,0.18498311140809137,0.0,0.14285714285714285,0.2857142857142857,14,0.9999999999999992
51-4194.00,"Tool Grinders, Filers, and Sharpeners",0.0,0.028857006325884477,0.05771401265176895,0.0,0.027777777777777776,0.05555555555555555,18,0.999999999999999
51-5112.00,Printing Press Operators,0.1499652200710374,0.2785683324895342,0.40717144490803103,0.21739130434782608,0.32608695652173914,0.43478260869565216,23,0.9999999999999987
51-6021.00,"Pressers, Textile, Garment, and Related Materials",0.0,0.024047469675998027,0.048094939351996054,0.0,0.017857142857142856,0.03571428571428571,28,0.9999999999999989
51-6031.00,Sewing Machine Operators,0.027757017825882937,0.062191495240629835,0.09662597265537672,0.038461538461538464,0.07692307692307693,0.11538461538461539,26,0.9999999999999987
51-6052.00,"Tailors, Dressmakers, and Custom Sewers",0.01681419541358102,0.04684105572709346,0.0768679160406059,0.045454545454545456,0.09090909090909091,0.13636363636363635,22,0.9999999999999987
51-6062.00,"Textile Cutting Machine Setters, Operators, and Tenders",0.1300648773357518,0.19352750899942453,0.2569901406630972,0.1111111111111111,0.16666666666666666,0.2222222222222222,18,0.9999999999999991
51-6092.00,Fabric and Apparel Patternmakers,0.11665635837729409,0.507709056694706,0.8987617550121176,0.125,0.46875,0.8125,16,0.9999999999999992
51-6093.00,Upholsterers,0.1263192708803549,0.1921595909393156,0.2579999109982763,0.13636363636363635,0.22727272727272727,0.3181818181818182,22,0.9999999999999991
51-7011.00,Cabinetmakers and Bench Carpenters,0.12478476233638863,0.24315497649676343,0.3615251906571382,0.1,0.175,0.25,20,0.9999999999999989
51-7021.00,Furniture Finishers,0.0,0.032582045330071384,0.06516409066014277,0.0,0.045454545454545456,0.09090909090909091,22,0.9999999999999989
51-7031.00,"Model Makers, Wood",0.04410130949315633,0.13463281635137989,0.22516432320960345,0.07142857142857142,0.14285714285714285,0.21428571428571427,14,0.9999999999999993
51-7032.00,"Patternmakers, Wood",0.12510339286761685,0.21778596957728227,0.3104685462869477,0.2,0.25,0.3,20,0.999999999999999
51-8013.03,Biomass Plant Technicians,0.030826539972976224,0.10647249973724603,0.18211845950151584,0.05555555555555555,0.1388888888888889,0.2222222222222222,18,0.9999999999999992
51-8013.04,Hydroelectric Plant Technicians,0.19789187834219568,0.19789187834219568,0.19789187834219568,0.09523809523809523,0.09523809523809523,0.09523809523809523,21,0.9999999999999991
51-8021.00,Stationary Engineers and Boiler Operators,0.10394039364542634,0.10611504979770414,0.10828970594998194,0.12,0.14,0.16,25,0.9999999999999987
51-8031.00,Water and Wastewater Treatment Plant and System Operators,0.18102488262745695,0.18102488262745695,0.18102488262745695,0.125,0.125,0.125,8,0.9999999999999997
51-8091.00,Chemical Plant and System Operators,0.026206873105552628,0.12361539757353403,0.22102392204151544,0.05263157894736842,0.15789473684210525,0.2631578947368421,19,0.999999999999999
51-8092.00,Gas Plant Operators,0.05552903286641475,0.1016203347522368,0.14771163663805884,0.05263157894736842,0.07894736842105263,0.10526315789473684,19,0.9999999999999991
51-8093.00,"Petroleum Pump System Operators, Refinery Operators, and Gaugers",0.039676902516231155,0.20102899087778714,0.3623810792393431,0.08333333333333333,0.22916666666666666,0.375,24,0.9999999999999986
51-8099.01,Biofuels Processing Technicians,0.0,0.14078361317167978,0.28156722634335957,0.0,0.10526315789473684,0.21052631578947367,19,0.9999999999999993
51-9011.00,Chemical Equipment Operators and Tenders,0.12507068010246844,0.17365372734093107,0.22223677457939373,0.08695652173913043,0.15217391304347827,0.21739130434782608,23,0.999999999999999
51-9023.00,"Mixing and Blending Machine Setters, Operators, and Tenders",0.12568018020395558,0.12568018020395558,0.12568018020395558,0.10526315789473684,0.10526315789473684,0.10526315789473684,19,0.9562114112685305
51-9031.00,"Cutters and Trimmers, Hand",0.0,0.0,0.0,0.0,0.0,0.0,18,0.9999999999999992
51-9071.00,Jewelers and Precious Stone and Metal Workers,0.0646697877445965,0.15673354941004838,0.2487973110755003,0.06666666666666667,0.16666666666666666,0.26666666666666666,30,0.9999999999999983
51-9081.00,Dental Laboratory Technicians,0.0,0.06312110819030324,0.12624221638060648,0.0,0.029411764705882353,0.058823529411764705,17,0.9999999999999993
51-9082.00,Medical Appliance Technicians,0.07517549012149924,0.1422660140772172,0.2093565380329351,0.06666666666666667,0.13333333333333333,0.2,15,0.9999999999999994
51-9083.00,Ophthalmic Laboratory Technicians,0.0,0.11459590977523602,0.22919181955047205,0.0,0.08333333333333333,0.16666666666666666,18,0.9999999999999994
51-9111.00,Packaging and Filling Machine Operators and Tenders,0.0,0.0,0.0,0.0,0.0,0.0,20,0.9999999999999992
51-9161.00,Computer Numerically Controlled Tool Operators,0.17655311439002802,0.2050998901451014,0.23364666590017474,0.2222222222222222,0.25925925925925924,0.2962962962962963,27,0.9999999999999988
51-9192.00,"Cleaning, Washing, and Metal Pickling Equipment Operators and Tenders",0.1541390830393175,0.1541390830393175,0.1541390830393175,0.09090909090909091,0.09090909090909091,0.09090909090909091,11,0.9999999999999992
51-9195.03,"Stone Cutters and Carvers, Manufacturing",0.0,0.07712336570628145,0.1542467314125629,0.0,0.09375,0.1875,16,0.9999999999999993
53-1041.00,Aircraft Cargo Handling Supervisors,0.21222007413987357,0.39158147675985655,0.5709428793798396,0.16666666666666666,0.3333333333333333,0.5,6,0.9999999999999998
53-1042.01,Recycling Coordinators,0.2935021295091013,0.4335434108958648,0.5735846922826283,0.13043478260869565,0.391304347826087,0.6521739130434783,23,0.9999999999999991
53-2021.00,Air Traffic Controllers,0.04098214257681074,0.31522907898019226,0.5894760153835736,0.08695652173913043,0.34782608695652173,0.6086956521739131,23,0.999999999999999
53-2022.00,Airfield Operations Specialists,0.07864776783397391,0.3714775107629567,0.6643072536919395,0.14814814814814814,0.42592592592592593,0.7037037037037037,27,0.9999999999999987
53-2031.00,Flight Attendants,0.12129878757436785,0.14612856937619062,0.17095835117801342,0.16,0.18,0.2,25,0.9999999999999988
53-3011.00,"Ambulance Drivers and Attendants, Except Emergency Medical Technicians",0.07513683161285042,0.07513683161285042,0.07513683161285042,0.09090909090909091,0.09090909090909091,0.09090909090909091,11,0.9999999999999996
53-3051.00,"Bus Drivers, School",0.1781673804214631,0.19836259999844424,0.21855781957542536,0.29411764705882354,0.3235294117647059,0.35294117647058826,17,0.9999999999999993
53-5011.00,Sailors and Marine Oilers,0.1380201571876221,0.16919072722551562,0.20036129726340918,0.03571428571428571,0.05357142857142857,0.07142857142857142,28,0.9999999999999987
53-5031.00,Ship Engineers,0.18525633338487754,0.22476940351102662,0.2642824736371757,0.11764705882352941,0.17647058823529413,0.23529411764705882,17,0.9999999999999992
53-6011.00,Bridge and Lock Tenders,0.1367939415479544,0.1367939415479544,0.1367939415479544,0.2222222222222222,0.2222222222222222,0.2222222222222222,18,0.9999999999999991
53-7021.00,Crane and Tower Operators,0.07117373963826602,0.18454510553870904,0.297916471439152,0.09090909090909091,0.18181818181818182,0.2727272727272727,11,0.9999999999999996
53-7031.00,Dredge Operators,0.0,0.0,0.0,0.0,0.0,0.0,6,0.9999999999999998
53-7041.00,Hoist and Winch Operators,0.0,0.0,0.0,0.0,0.0,0.0,13,0.9999999999999992
53-7063.00,Machine Feeders and Offbearers,0.1067485278693148,0.1067485278693148,0.1067485278693148,0.07692307692307693,0.07692307692307693,0.07692307692307693,13,0.9999999999999991
53-7064.00,"Packers and Packagers, Hand",0.08121426772559424,0.08121426772559424,0.08121426772559424,0.08333333333333333,0.08333333333333333,0.08333333333333333,12,0.9999999999999994
53-7065.00,Stockers and Order Fillers,0.12633229691017067,0.1757881340701936,0.22524397123021656,0.1,0.18333333333333332,0.26666666666666666,30,0.9999999999999988
53-7071.00,Gas Compressor and Gas Pumping Station Operators,0.22756693541038764,0.2490681941001235,0.2705694527898594,0.23076923076923078,0.2692307692307692,0.3076923076923077,13,0.9999999999999993
53-7072.00,"Pump Operators, Except Wellhead Pumpers",0.11741880580127155,0.18283359850743472,0.24824839121359793,0.14285714285714285,0.21428571428571427,0.2857142857142857,14,0.9999999999999996
53-7121.00,"Tank Car, Truck, and Ship Loaders",0.07385062457757947,0.07385062457757947,0.07385062457757947,0.05263157894736842,0.05263157894736842,0.05263157894736842,19,0.9999999999999991
